BehaviorSpace results (NetLogo 6.2.2),,,,,,,,,,,,,,,,,,,,,,,,
Sugarscape 1 demo.nlogo,,,,,,,,,,,,,,,,,,,,,,,,
popu-vision,,,,,,,,,,,,,,,,,,,,,,,,
02/18/2022 00:13:59:160 +0800,,,,,,,,,,,,,,,,,,,,,,,,
min-pxcor,max-pxcor,min-pycor,max-pycor,,,,,,,,,,,,,,,,,,,,,
0,49,0,49,,,,,,,,,,,,,,,,,,,,,
[run number],visualization,initial-population,max-vision,max-metabolism,[step],count turtles,mean [vision] of turtles,,survival-rate,average-survival,average-mean-vision,,,,,,,,,,,,,
1,no-visualization,100,1,10,800,24,1,,24.0%,22.4%,1,,,,,,,,,,,,,
2,no-visualization,100,1,10,800,17,1,,17.0%,,,,,,,,,,,,,,,
3,no-visualization,100,1,10,800,26,1,,26.0%,,,,,,,,,,,,,,,
4,no-visualization,100,1,10,800,20,1,,20.0%,,,,,,,,,,,,,,,
5,no-visualization,100,1,10,800,21,1,,21.0%,,,,,,1,2,3,4,5,6,7,8,9,10
6,no-visualization,100,1,10,800,21,1,,21.0%,,,,,100,1,1.477810042,2.179315806,2.73035085,3.172199736,3.807380908,4.455978836,4.976788192,5.552403555,6.164651506
7,no-visualization,100,1,10,800,20,1,,20.0%,,,,,200,1,1.509983286,2.018429049,2.604872856,3.081751894,3.775641581,4.246478908,4.99890843,5.644187291,6.184585418
8,no-visualization,100,1,10,800,26,1,,26.0%,,,,,300,1,1.501244622,2.035005538,2.636646296,3.110721978,3.767856799,4.415173523,4.948157028,5.576909096,6.115087008
9,no-visualization,100,1,10,800,26,1,,26.0%,,,,,400,1,1.545164185,2.088751323,2.576030153,3.118274412,3.749727004,4.460115223,5.054475708,5.504590081,6.155071377
10,no-visualization,100,1,10,800,23,1,,23.0%,,,,,500,1,1.523519671,2.07082225,2.601679489,3.226165552,3.685245634,4.379784396,4.88963977,5.555514469,6.005807843
11,no-visualization,100,2,10,800,22,1.636363636,,22.0%,22.3%,1.477810042,,,600,1,1.497865801,2.058483838,2.63308681,3.144038398,3.800670772,4.400169485,4.989644647,5.641789005,6.065948833
12,no-visualization,100,2,10,800,29,1.620689655,,29.0%,,,,,700,1,1.508862882,2.082183998,2.552399328,3.188762623,3.835767809,4.351147935,4.93652826,5.622432449,6.136848688
13,no-visualization,100,2,10,800,16,1.4375,,16.0%,,,,,800,1,1.512213843,2.099594816,2.573759757,3.11484072,3.730329528,4.460642032,4.907434893,5.482962981,6.179616783
14,no-visualization,100,2,10,800,27,1.518518519,,27.0%,,,,,900,1,1.511316607,2.036504115,2.607068702,3.191538885,3.764734958,4.377393176,4.812765767,5.542240399,6.169528959
15,no-visualization,100,2,10,800,23,1.434782609,,23.0%,,,,,1000,1,1.514921181,2.094996583,2.578711903,3.19098607,3.78028483,4.410585476,4.945097021,5.542968848,6.157218532
16,no-visualization,100,2,10,800,17,1.352941176,,17.0%,,,,,,,,,,,,,,,
17,no-visualization,100,2,10,800,22,1.318181818,,22.0%,,,,,,,,,,,,,,,
18,no-visualization,100,2,10,800,23,1.608695652,,23.0%,,,,,,,,,,,,,,,
19,no-visualization,100,2,10,800,26,1.461538462,,26.0%,,,,,,,,,,,,,,,
20,no-visualization,100,2,10,800,18,1.388888889,,18.0%,,,,,,,,,,,,,,,
21,no-visualization,100,3,10,800,28,2.428571429,,28.0%,22.7%,2.179315806,,,,,,,,,,,,,
22,no-visualization,100,3,10,800,19,2.368421053,,19.0%,,,,,,,,,,,,,,,
23,no-visualization,100,3,10,800,27,1.962962963,,27.0%,,,,,,,,,,,,,,,
24,no-visualization,100,3,10,800,18,2.055555556,,18.0%,,,,,,,,,,,,,,,
25,no-visualization,100,3,10,800,34,2,,34.0%,,,,,,,,,,,,,,,
26,no-visualization,100,3,10,800,17,2.117647059,,17.0%,,,,,,,,,,,,,,,
27,no-visualization,100,3,10,800,24,2.333333333,,24.0%,,,,,,,,,,,,,,,
28,no-visualization,100,3,10,800,20,2.1,,20.0%,,,,,,,,,,,,,,,
29,no-visualization,100,3,10,800,15,2.466666667,,15.0%,,,,,,,,,,,,,,,
30,no-visualization,100,3,10,800,25,1.96,,25.0%,,,,,,,,,,,,,,,
31,no-visualization,100,4,10,800,23,2.52173913,,23.0%,20.7%,2.73035085,,,,,,,,,,,,,
32,no-visualization,100,4,10,800,18,2.833333333,,18.0%,,,,,,,,,,,,,,,
33,no-visualization,100,4,10,800,17,3.117647059,,17.0%,,,,,,,,,,,,,,,
34,no-visualization,100,4,10,800,17,2.647058824,,17.0%,,,,,,,,,,,,,,,
35,no-visualization,100,4,10,800,24,2.708333333,,24.0%,,,,,,,,,,,,,,,
36,no-visualization,100,4,10,800,30,2.5,,30.0%,,,,,,,,,,,,,,,
37,no-visualization,100,4,10,800,14,2.714285714,,14.0%,,,,,,,,,,,,,,,
38,no-visualization,100,4,10,800,30,2.733333333,,30.0%,,,,,,,,,,,,,,,
39,no-visualization,100,4,10,800,18,2.777777778,,18.0%,,,,,,,,,,,,,,,
40,no-visualization,100,4,10,800,16,2.75,,16.0%,,,,,,,,,,,,,,,
41,no-visualization,100,5,10,800,26,3.307692308,,26.0%,24.5%,3.172199736,,,,,,,,,,,,,
42,no-visualization,100,5,10,800,25,3.08,,25.0%,,,,,,,,,,,,,,,
43,no-visualization,100,5,10,800,31,3.483870968,,31.0%,,,,,,,,,,,,,,,
44,no-visualization,100,5,10,800,19,3.210526316,,19.0%,,,,,,,,,,,,,,,
45,no-visualization,100,5,10,800,21,2.333333333,,21.0%,,,,,,,,,,,,,,,
46,no-visualization,100,5,10,800,33,3.060606061,,33.0%,,,,,,,,,,,,,,,
47,no-visualization,100,5,10,800,25,3.36,,25.0%,,,,,,,,,,,,,,,
48,no-visualization,100,5,10,800,20,2.55,,20.0%,,,,,,,,,,,,,,,
49,no-visualization,100,5,10,800,23,3.608695652,,23.0%,,,,,,,,,,,,,,,
50,no-visualization,100,5,10,800,22,3.727272727,,22.0%,,,,,,,,,,,,,,,
51,no-visualization,100,6,10,800,26,3.692307692,,26.0%,25.0%,3.807380908,,,,,,,,,,,,,
52,no-visualization,100,6,10,800,26,3.384615385,,26.0%,,,,,,,,,,,,,,,
53,no-visualization,100,6,10,800,21,3.80952381,,21.0%,,,,,,,,,,,,,,,
54,no-visualization,100,6,10,800,20,3.6,,20.0%,,,,,,,,,,,,,,,
55,no-visualization,100,6,10,800,29,3.965517241,,29.0%,,,,,,,,,,,,,,,
56,no-visualization,100,6,10,800,28,3.857142857,,28.0%,,,,,,,,,,,,,,,
57,no-visualization,100,6,10,800,23,3.52173913,,23.0%,,,,,,,,,,,,,,,
58,no-visualization,100,6,10,800,25,4.28,,25.0%,,,,,,,,,,,,,,,
59,no-visualization,100,6,10,800,27,3.962962963,,27.0%,,,,,,,,,,,,,,,
60,no-visualization,100,6,10,800,25,4,,25.0%,,,,,,,,,,,,,,,
61,no-visualization,100,7,10,800,30,4.5,,30.0%,28.0%,4.455978836,,,,,,,,,,,,,
62,no-visualization,100,7,10,800,23,5,,23.0%,,,,,,,,,,,,,,,
63,no-visualization,100,7,10,800,27,4.814814815,,27.0%,,,,,,,,,,,,,,,
64,no-visualization,100,7,10,800,30,4.1,,30.0%,,,,,,,,,,,,,,,
65,no-visualization,100,7,10,800,27,4.296296296,,27.0%,,,,,,,,,,,,,,,
66,no-visualization,100,7,10,800,28,4.5,,28.0%,,,,,,,,,,,,,,,
67,no-visualization,100,7,10,800,30,4.466666667,,30.0%,,,,,,,,,,,,,,,
68,no-visualization,100,7,10,800,27,3.962962963,,27.0%,,,,,,,,,,,,,,,
69,no-visualization,100,7,10,800,30,4.133333333,,30.0%,,,,,,,,,,,,,,,
70,no-visualization,100,7,10,800,28,4.785714286,,28.0%,,,,,,,,,,,,,,,
71,no-visualization,100,8,10,800,26,4.807692308,,26.0%,30.6%,4.976788192,,,,,,,,,,,,,
72,no-visualization,100,8,10,800,32,4.90625,,32.0%,,,,,,,,,,,,,,,
73,no-visualization,100,8,10,800,26,4.961538462,,26.0%,,,,,,,,,,,,,,,
74,no-visualization,100,8,10,800,32,4.28125,,32.0%,,,,,,,,,,,,,,,
75,no-visualization,100,8,10,800,31,5.096774194,,31.0%,,,,,,,,,,,,,,,
76,no-visualization,100,8,10,800,33,5.545454545,,33.0%,,,,,,,,,,,,,,,
77,no-visualization,100,8,10,800,32,5.21875,,32.0%,,,,,,,,,,,,,,,
78,no-visualization,100,8,10,800,29,4.655172414,,29.0%,,,,,,,,,,,,,,,
79,no-visualization,100,8,10,800,40,5.175,,40.0%,,,,,,,,,,,,,,,
80,no-visualization,100,8,10,800,25,5.12,,25.0%,,,,,,,,,,,,,,,
81,no-visualization,100,9,10,800,21,5.333333333,,21.0%,27.7%,5.552403555,,,,,,,,,,,,,
82,no-visualization,100,9,10,800,24,5.291666667,,24.0%,,,,,,,,,,,,,,,
83,no-visualization,100,9,10,800,33,5.848484848,,33.0%,,,,,,,,,,,,,,,
84,no-visualization,100,9,10,800,26,5.653846154,,26.0%,,,,,,,,,,,,,,,
85,no-visualization,100,9,10,800,25,5.12,,25.0%,,,,,,,,,,,,,,,
86,no-visualization,100,9,10,800,32,5.21875,,32.0%,,,,,,,,,,,,,,,
87,no-visualization,100,9,10,800,22,5.545454545,,22.0%,,,,,,,,,,,,,,,
88,no-visualization,100,9,10,800,30,5.7,,30.0%,,,,,,,,,,,,,,,
89,no-visualization,100,9,10,800,32,6,,32.0%,,,,,,,,,,,,,,,
90,no-visualization,100,9,10,800,32,5.8125,,32.0%,,,,,,,,,,,,,,,
91,no-visualization,100,10,10,800,30,6.566666667,,30.0%,28.8%,6.164651506,,,,,,,,,,,,,
92,no-visualization,100,10,10,800,28,6.392857143,,28.0%,,,,,,,,,,,,,,,
93,no-visualization,100,10,10,800,27,4.814814815,,27.0%,,,,,,,,,,,,,,,
94,no-visualization,100,10,10,800,36,6.194444444,,36.0%,,,,,,,,,,,,,,,
95,no-visualization,100,10,10,800,27,7.111111111,,27.0%,,,,,,,,,,,,,,,
96,no-visualization,100,10,10,800,32,5.4375,,32.0%,,,,,,,,,,,,,,,
97,no-visualization,100,10,10,800,26,6.423076923,,26.0%,,,,,,,,,,,,,,,
98,no-visualization,100,10,10,800,28,6.321428571,,28.0%,,,,,,,,,,,,,,,
99,no-visualization,100,10,10,800,28,6,,28.0%,,,,,,,,,,,,,,,
100,no-visualization,100,10,10,800,26,6.384615385,,26.0%,,,,,,,,,,,,,,,
101,no-visualization,200,1,10,800,36,1,,18.0%,21.5%,1,,,,,,,,,,,,,
102,no-visualization,200,1,10,800,42,1,,21.0%,,,,,,,,,,,,,,,
103,no-visualization,200,1,10,800,50,1,,25.0%,,,,,,,,,,,,,,,
104,no-visualization,200,1,10,800,45,1,,22.5%,,,,,,,,,,,,,,,
105,no-visualization,200,1,10,800,44,1,,22.0%,,,,,,,,,,,,,,,
106,no-visualization,200,1,10,800,42,1,,21.0%,,,,,,,,,,,,,,,
107,no-visualization,200,1,10,800,43,1,,21.5%,,,,,,,,,,,,,,,
108,no-visualization,200,1,10,800,47,1,,23.5%,,,,,,,,,,,,,,,
109,no-visualization,200,1,10,800,43,1,,21.5%,,,,,,,,,,,,,,,
110,no-visualization,200,1,10,800,38,1,,19.0%,,,,,,,,,,,,,,,
111,no-visualization,200,2,10,800,39,1.487179487,,19.5%,22.2%,1.509983286,,,,,,,,,,,,,
112,no-visualization,200,2,10,800,52,1.615384615,,26.0%,,,,,,,,,,,,,,,
113,no-visualization,200,2,10,800,45,1.555555556,,22.5%,,,,,,,,,,,,,,,
114,no-visualization,200,2,10,800,49,1.510204082,,24.5%,,,,,,,,,,,,,,,
115,no-visualization,200,2,10,800,62,1.596774194,,31.0%,,,,,,,,,,,,,,,
116,no-visualization,200,2,10,800,42,1.428571429,,21.0%,,,,,,,,,,,,,,,
117,no-visualization,200,2,10,800,44,1.454545455,,22.0%,,,,,,,,,,,,,,,
118,no-visualization,200,2,10,800,36,1.444444444,,18.0%,,,,,,,,,,,,,,,
119,no-visualization,200,2,10,800,41,1.536585366,,20.5%,,,,,,,,,,,,,,,
120,no-visualization,200,2,10,800,34,1.470588235,,17.0%,,,,,,,,,,,,,,,
121,no-visualization,200,3,10,800,41,2.024390244,,20.5%,23.5%,2.018429049,,,,,,,,,,,,,
122,no-visualization,200,3,10,800,52,2.019230769,,26.0%,,,,,,,,,,,,,,,
123,no-visualization,200,3,10,800,48,2.104166667,,24.0%,,,,,,,,,,,,,,,
124,no-visualization,200,3,10,800,37,2.135135135,,18.5%,,,,,,,,,,,,,,,
125,no-visualization,200,3,10,800,52,1.942307692,,26.0%,,,,,,,,,,,,,,,
126,no-visualization,200,3,10,800,49,2.06122449,,24.5%,,,,,,,,,,,,,,,
127,no-visualization,200,3,10,800,42,1.880952381,,21.0%,,,,,,,,,,,,,,,
128,no-visualization,200,3,10,800,42,2.071428571,,21.0%,,,,,,,,,,,,,,,
129,no-visualization,200,3,10,800,55,1.945454545,,27.5%,,,,,,,,,,,,,,,
130,no-visualization,200,3,10,800,51,2,,25.5%,,,,,,,,,,,,,,,
131,no-visualization,200,4,10,800,47,2.489361702,,23.5%,22.2%,2.604872856,,,,,,,,,,,,,
132,no-visualization,200,4,10,800,46,2.543478261,,23.0%,,,,,,,,,,,,,,,
133,no-visualization,200,4,10,800,35,2.542857143,,17.5%,,,,,,,,,,,,,,,
134,no-visualization,200,4,10,800,43,2.441860465,,21.5%,,,,,,,,,,,,,,,
135,no-visualization,200,4,10,800,51,2.745098039,,25.5%,,,,,,,,,,,,,,,
136,no-visualization,200,4,10,800,57,2.684210526,,28.5%,,,,,,,,,,,,,,,
137,no-visualization,200,4,10,800,39,2.358974359,,19.5%,,,,,,,,,,,,,,,
138,no-visualization,200,4,10,800,49,2.795918367,,24.5%,,,,,,,,,,,,,,,
139,no-visualization,200,4,10,800,44,2.568181818,,22.0%,,,,,,,,,,,,,,,
140,no-visualization,200,4,10,800,33,2.878787879,,16.5%,,,,,,,,,,,,,,,
141,no-visualization,200,5,10,800,50,3.22,,25.0%,24.1%,3.081751894,,,,,,,,,,,,,
142,no-visualization,200,5,10,800,39,2.641025641,,19.5%,,,,,,,,,,,,,,,
143,no-visualization,200,5,10,800,52,3.326923077,,26.0%,,,,,,,,,,,,,,,
144,no-visualization,200,5,10,800,36,3.361111111,,18.0%,,,,,,,,,,,,,,,
145,no-visualization,200,5,10,800,54,3.055555556,,27.0%,,,,,,,,,,,,,,,
146,no-visualization,200,5,10,800,52,3.076923077,,26.0%,,,,,,,,,,,,,,,
147,no-visualization,200,5,10,800,48,3,,24.0%,,,,,,,,,,,,,,,
148,no-visualization,200,5,10,800,56,3.107142857,,28.0%,,,,,,,,,,,,,,,
149,no-visualization,200,5,10,800,49,3.224489796,,24.5%,,,,,,,,,,,,,,,
150,no-visualization,200,5,10,800,46,2.804347826,,23.0%,,,,,,,,,,,,,,,
151,no-visualization,200,6,10,800,66,3.878787879,,33.0%,27.7%,3.775641581,,,,,,,,,,,,,
152,no-visualization,200,6,10,800,59,3.762711864,,29.5%,,,,,,,,,,,,,,,
153,no-visualization,200,6,10,800,56,3.910714286,,28.0%,,,,,,,,,,,,,,,
154,no-visualization,200,6,10,800,46,3.282608696,,23.0%,,,,,,,,,,,,,,,
155,no-visualization,200,6,10,800,61,3.737704918,,30.5%,,,,,,,,,,,,,,,
156,no-visualization,200,6,10,800,46,4,,23.0%,,,,,,,,,,,,,,,
157,no-visualization,200,6,10,800,64,4.09375,,32.0%,,,,,,,,,,,,,,,
158,no-visualization,200,6,10,800,43,3.186046512,,21.5%,,,,,,,,,,,,,,,
159,no-visualization,200,6,10,800,47,4.042553191,,23.5%,,,,,,,,,,,,,,,
160,no-visualization,200,6,10,800,65,3.861538462,,32.5%,,,,,,,,,,,,,,,
161,no-visualization,200,7,10,800,63,4.873015873,,31.5%,27.5%,4.246478908,,,,,,,,,,,,,
162,no-visualization,200,7,10,800,60,4.516666667,,30.0%,,,,,,,,,,,,,,,
163,no-visualization,200,7,10,800,54,3.981481481,,27.0%,,,,,,,,,,,,,,,
164,no-visualization,200,7,10,800,75,4.28,,37.5%,,,,,,,,,,,,,,,
165,no-visualization,200,7,10,800,59,4.203389831,,29.5%,,,,,,,,,,,,,,,
166,no-visualization,200,7,10,800,54,4.185185185,,27.0%,,,,,,,,,,,,,,,
167,no-visualization,200,7,10,800,47,4.29787234,,23.5%,,,,,,,,,,,,,,,
168,no-visualization,200,7,10,800,42,3.619047619,,21.0%,,,,,,,,,,,,,,,
169,no-visualization,200,7,10,800,54,4.166666667,,27.0%,,,,,,,,,,,,,,,
170,no-visualization,200,7,10,800,41,4.341463415,,20.5%,,,,,,,,,,,,,,,
171,no-visualization,200,8,10,800,56,4.696428571,,28.0%,28.6%,4.99890843,,,,,,,,,,,,,
172,no-visualization,200,8,10,800,66,4.712121212,,33.0%,,,,,,,,,,,,,,,
173,no-visualization,200,8,10,800,50,4.88,,25.0%,,,,,,,,,,,,,,,
174,no-visualization,200,8,10,800,60,5.033333333,,30.0%,,,,,,,,,,,,,,,
175,no-visualization,200,8,10,800,54,5.240740741,,27.0%,,,,,,,,,,,,,,,
176,no-visualization,200,8,10,800,60,5.266666667,,30.0%,,,,,,,,,,,,,,,
177,no-visualization,200,8,10,800,55,4.854545455,,27.5%,,,,,,,,,,,,,,,
178,no-visualization,200,8,10,800,53,5.20754717,,26.5%,,,,,,,,,,,,,,,
179,no-visualization,200,8,10,800,58,5.431034483,,29.0%,,,,,,,,,,,,,,,
180,no-visualization,200,8,10,800,60,4.666666667,,30.0%,,,,,,,,,,,,,,,
181,no-visualization,200,9,10,800,64,5.484375,,32.0%,30.3%,5.644187291,,,,,,,,,,,,,
182,no-visualization,200,9,10,800,63,5.142857143,,31.5%,,,,,,,,,,,,,,,
183,no-visualization,200,9,10,800,54,5.518518519,,27.0%,,,,,,,,,,,,,,,
184,no-visualization,200,9,10,800,56,5.839285714,,28.0%,,,,,,,,,,,,,,,
185,no-visualization,200,9,10,800,59,6.355932203,,29.5%,,,,,,,,,,,,,,,
186,no-visualization,200,9,10,800,62,6.451612903,,31.0%,,,,,,,,,,,,,,,
187,no-visualization,200,9,10,800,54,5.611111111,,27.0%,,,,,,,,,,,,,,,
188,no-visualization,200,9,10,800,61,5.606557377,,30.5%,,,,,,,,,,,,,,,
189,no-visualization,200,9,10,800,59,5.322033898,,29.5%,,,,,,,,,,,,,,,
190,no-visualization,200,9,10,800,73,5.109589041,,36.5%,,,,,,,,,,,,,,,
191,no-visualization,200,10,10,800,70,6.228571429,,35.0%,31.5%,6.184585418,,,,,,,,,,,,,
192,no-visualization,200,10,10,800,60,6.516666667,,30.0%,,,,,,,,,,,,,,,
193,no-visualization,200,10,10,800,61,6.540983607,,30.5%,,,,,,,,,,,,,,,
194,no-visualization,200,10,10,800,57,6.228070175,,28.5%,,,,,,,,,,,,,,,
195,no-visualization,200,10,10,800,71,5.661971831,,35.5%,,,,,,,,,,,,,,,
196,no-visualization,200,10,10,800,61,5.901639344,,30.5%,,,,,,,,,,,,,,,
197,no-visualization,200,10,10,800,48,6.6875,,24.0%,,,,,,,,,,,,,,,
198,no-visualization,200,10,10,800,70,6.585714286,,35.0%,,,,,,,,,,,,,,,
199,no-visualization,200,10,10,800,55,5.6,,27.5%,,,,,,,,,,,,,,,
200,no-visualization,200,10,10,800,76,5.894736842,,38.0%,,,,,,,,,,,,,,,
201,no-visualization,300,1,10,800,51,1,,17.0%,19.2%,1,,,,,,,,,,,,,
202,no-visualization,300,1,10,800,64,1,,21.3%,,,,,,,,,,,,,,,
203,no-visualization,300,1,10,800,60,1,,20.0%,,,,,,,,,,,,,,,
204,no-visualization,300,1,10,800,57,1,,19.0%,,,,,,,,,,,,,,,
205,no-visualization,300,1,10,800,48,1,,16.0%,,,,,,,,,,,,,,,
206,no-visualization,300,1,10,800,47,1,,15.7%,,,,,,,,,,,,,,,
207,no-visualization,300,1,10,800,63,1,,21.0%,,,,,,,,,,,,,,,
208,no-visualization,300,1,10,800,61,1,,20.3%,,,,,,,,,,,,,,,
209,no-visualization,300,1,10,800,63,1,,21.0%,,,,,,,,,,,,,,,
210,no-visualization,300,1,10,800,61,1,,20.3%,,,,,,,,,,,,,,,
211,no-visualization,300,2,10,800,60,1.533333333,,20.0%,21.5%,1.501244622,,,,,,,,,,,,,
212,no-visualization,300,2,10,800,63,1.587301587,,21.0%,,,,,,,,,,,,,,,
213,no-visualization,300,2,10,800,67,1.611940299,,22.3%,,,,,,,,,,,,,,,
214,no-visualization,300,2,10,800,52,1.384615385,,17.3%,,,,,,,,,,,,,,,
215,no-visualization,300,2,10,800,69,1.492753623,,23.0%,,,,,,,,,,,,,,,
216,no-visualization,300,2,10,800,76,1.644736842,,25.3%,,,,,,,,,,,,,,,
217,no-visualization,300,2,10,800,55,1.472727273,,18.3%,,,,,,,,,,,,,,,
218,no-visualization,300,2,10,800,64,1.40625,,21.3%,,,,,,,,,,,,,,,
219,no-visualization,300,2,10,800,72,1.5,,24.0%,,,,,,,,,,,,,,,
220,no-visualization,300,2,10,800,66,1.378787879,,22.0%,,,,,,,,,,,,,,,
221,no-visualization,300,3,10,800,69,1.942028986,,23.0%,22.1%,2.035005538,,,,,,,,,,,,,
222,no-visualization,300,3,10,800,75,2.213333333,,25.0%,,,,,,,,,,,,,,,
223,no-visualization,300,3,10,800,77,2.25974026,,25.7%,,,,,,,,,,,,,,,
224,no-visualization,300,3,10,800,57,1.947368421,,19.0%,,,,,,,,,,,,,,,
225,no-visualization,300,3,10,800,63,2,,21.0%,,,,,,,,,,,,,,,
226,no-visualization,300,3,10,800,51,2.078431373,,17.0%,,,,,,,,,,,,,,,
227,no-visualization,300,3,10,800,73,2,,24.3%,,,,,,,,,,,,,,,
228,no-visualization,300,3,10,800,61,1.950819672,,20.3%,,,,,,,,,,,,,,,
229,no-visualization,300,3,10,800,72,1.958333333,,24.0%,,,,,,,,,,,,,,,
230,no-visualization,300,3,10,800,66,2,,22.0%,,,,,,,,,,,,,,,
231,no-visualization,300,4,10,800,69,2.637681159,,23.0%,23.2%,2.636646296,,,,,,,,,,,,,
232,no-visualization,300,4,10,800,77,2.441558442,,25.7%,,,,,,,,,,,,,,,
233,no-visualization,300,4,10,800,62,2.870967742,,20.7%,,,,,,,,,,,,,,,
234,no-visualization,300,4,10,800,73,2.643835616,,24.3%,,,,,,,,,,,,,,,
235,no-visualization,300,4,10,800,71,2.647887324,,23.7%,,,,,,,,,,,,,,,
236,no-visualization,300,4,10,800,60,2.5,,20.0%,,,,,,,,,,,,,,,
237,no-visualization,300,4,10,800,76,2.592105263,,25.3%,,,,,,,,,,,,,,,
238,no-visualization,300,4,10,800,68,2.676470588,,22.7%,,,,,,,,,,,,,,,
239,no-visualization,300,4,10,800,66,2.712121212,,22.0%,,,,,,,,,,,,,,,
240,no-visualization,300,4,10,800,73,2.643835616,,24.3%,,,,,,,,,,,,,,,
241,no-visualization,300,5,10,800,88,3.147727273,,29.3%,26.0%,3.110721978,,,,,,,,,,,,,
242,no-visualization,300,5,10,800,77,3.324675325,,25.7%,,,,,,,,,,,,,,,
243,no-visualization,300,5,10,800,68,3.161764706,,22.7%,,,,,,,,,,,,,,,
244,no-visualization,300,5,10,800,61,3.31147541,,20.3%,,,,,,,,,,,,,,,
245,no-visualization,300,5,10,800,69,2.927536232,,23.0%,,,,,,,,,,,,,,,
246,no-visualization,300,5,10,800,79,3.050632911,,26.3%,,,,,,,,,,,,,,,
247,no-visualization,300,5,10,800,80,2.9875,,26.7%,,,,,,,,,,,,,,,
248,no-visualization,300,5,10,800,80,3.1,,26.7%,,,,,,,,,,,,,,,
249,no-visualization,300,5,10,800,92,2.97826087,,30.7%,,,,,,,,,,,,,,,
250,no-visualization,300,5,10,800,85,3.117647059,,28.3%,,,,,,,,,,,,,,,
251,no-visualization,300,6,10,800,76,3.605263158,,25.3%,26.1%,3.767856799,,,,,,,,,,,,,
252,no-visualization,300,6,10,800,76,3.657894737,,25.3%,,,,,,,,,,,,,,,
253,no-visualization,300,6,10,800,84,3.619047619,,28.0%,,,,,,,,,,,,,,,
254,no-visualization,300,6,10,800,79,4.088607595,,26.3%,,,,,,,,,,,,,,,
255,no-visualization,300,6,10,800,71,3.830985915,,23.7%,,,,,,,,,,,,,,,
256,no-visualization,300,6,10,800,75,3.773333333,,25.0%,,,,,,,,,,,,,,,
257,no-visualization,300,6,10,800,79,3.746835443,,26.3%,,,,,,,,,,,,,,,
258,no-visualization,300,6,10,800,84,3.666666667,,28.0%,,,,,,,,,,,,,,,
259,no-visualization,300,6,10,800,81,4.061728395,,27.0%,,,,,,,,,,,,,,,
260,no-visualization,300,6,10,800,78,3.628205128,,26.0%,,,,,,,,,,,,,,,
261,no-visualization,300,7,10,800,80,4.1375,,26.7%,26.4%,4.415173523,,,,,,,,,,,,,
262,no-visualization,300,7,10,800,86,4.220930233,,28.7%,,,,,,,,,,,,,,,
263,no-visualization,300,7,10,800,64,4.359375,,21.3%,,,,,,,,,,,,,,,
264,no-visualization,300,7,10,800,79,4.164556962,,26.3%,,,,,,,,,,,,,,,
265,no-visualization,300,7,10,800,80,4.3375,,26.7%,,,,,,,,,,,,,,,
266,no-visualization,300,7,10,800,89,4.752808989,,29.7%,,,,,,,,,,,,,,,
267,no-visualization,300,7,10,800,87,4.24137931,,29.0%,,,,,,,,,,,,,,,
268,no-visualization,300,7,10,800,79,4.82278481,,26.3%,,,,,,,,,,,,,,,
269,no-visualization,300,7,10,800,76,4.368421053,,25.3%,,,,,,,,,,,,,,,
270,no-visualization,300,7,10,800,71,4.746478873,,23.7%,,,,,,,,,,,,,,,
271,no-visualization,300,8,10,800,88,4.636363636,,29.3%,29.4%,4.948157028,,,,,,,,,,,,,
272,no-visualization,300,8,10,800,89,5.348314607,,29.7%,,,,,,,,,,,,,,,
273,no-visualization,300,8,10,800,89,4.820224719,,29.7%,,,,,,,,,,,,,,,
274,no-visualization,300,8,10,800,80,4.8,,26.7%,,,,,,,,,,,,,,,
275,no-visualization,300,8,10,800,79,4.911392405,,26.3%,,,,,,,,,,,,,,,
276,no-visualization,300,8,10,800,102,5.323529412,,34.0%,,,,,,,,,,,,,,,
277,no-visualization,300,8,10,800,97,4.762886598,,32.3%,,,,,,,,,,,,,,,
278,no-visualization,300,8,10,800,81,4.765432099,,27.0%,,,,,,,,,,,,,,,
279,no-visualization,300,8,10,800,91,5.032967033,,30.3%,,,,,,,,,,,,,,,
280,no-visualization,300,8,10,800,87,5.08045977,,29.0%,,,,,,,,,,,,,,,
281,no-visualization,300,9,10,800,98,5.479591837,,32.7%,29.5%,5.576909096,,,,,,,,,,,,,
282,no-visualization,300,9,10,800,96,5.708333333,,32.0%,,,,,,,,,,,,,,,
283,no-visualization,300,9,10,800,79,5.53164557,,26.3%,,,,,,,,,,,,,,,
284,no-visualization,300,9,10,800,71,5.830985915,,23.7%,,,,,,,,,,,,,,,
285,no-visualization,300,9,10,800,83,5.662650602,,27.7%,,,,,,,,,,,,,,,
286,no-visualization,300,9,10,800,103,5.349514563,,34.3%,,,,,,,,,,,,,,,
287,no-visualization,300,9,10,800,80,5.475,,26.7%,,,,,,,,,,,,,,,
288,no-visualization,300,9,10,800,97,5.649484536,,32.3%,,,,,,,,,,,,,,,
289,no-visualization,300,9,10,800,98,5.551020408,,32.7%,,,,,,,,,,,,,,,
290,no-visualization,300,9,10,800,81,5.530864198,,27.0%,,,,,,,,,,,,,,,
291,no-visualization,300,10,10,800,91,5.637362637,,30.3%,30.7%,6.115087008,,,,,,,,,,,,,
292,no-visualization,300,10,10,800,96,6,,32.0%,,,,,,,,,,,,,,,
293,no-visualization,300,10,10,800,87,6.287356322,,29.0%,,,,,,,,,,,,,,,
294,no-visualization,300,10,10,800,86,6.313953488,,28.7%,,,,,,,,,,,,,,,
295,no-visualization,300,10,10,800,94,6.074468085,,31.3%,,,,,,,,,,,,,,,
296,no-visualization,300,10,10,800,98,6.448979592,,32.7%,,,,,,,,,,,,,,,
297,no-visualization,300,10,10,800,104,6.048076923,,34.7%,,,,,,,,,,,,,,,
298,no-visualization,300,10,10,800,87,5.931034483,,29.0%,,,,,,,,,,,,,,,
299,no-visualization,300,10,10,800,83,6.409638554,,27.7%,,,,,,,,,,,,,,,
300,no-visualization,300,10,10,800,95,6,,31.7%,,,,,,,,,,,,,,,
301,no-visualization,400,1,10,800,94,1,,23.5%,20.8%,1,,,,,,,,,,,,,
302,no-visualization,400,1,10,800,82,1,,20.5%,,,,,,,,,,,,,,,
303,no-visualization,400,1,10,800,79,1,,19.8%,,,,,,,,,,,,,,,
304,no-visualization,400,1,10,800,78,1,,19.5%,,,,,,,,,,,,,,,
305,no-visualization,400,1,10,800,69,1,,17.3%,,,,,,,,,,,,,,,
306,no-visualization,400,1,10,800,77,1,,19.3%,,,,,,,,,,,,,,,
307,no-visualization,400,1,10,800,78,1,,19.5%,,,,,,,,,,,,,,,
308,no-visualization,400,1,10,800,92,1,,23.0%,,,,,,,,,,,,,,,
309,no-visualization,400,1,10,800,86,1,,21.5%,,,,,,,,,,,,,,,
310,no-visualization,400,1,10,800,97,1,,24.3%,,,,,,,,,,,,,,,
311,no-visualization,400,2,10,800,96,1.520833333,,24.0%,22.1%,1.545164185,,,,,,,,,,,,,
312,no-visualization,400,2,10,800,85,1.458823529,,21.3%,,,,,,,,,,,,,,,
313,no-visualization,400,2,10,800,103,1.485436893,,25.8%,,,,,,,,,,,,,,,
314,no-visualization,400,2,10,800,89,1.483146067,,22.3%,,,,,,,,,,,,,,,
315,no-visualization,400,2,10,800,93,1.623655914,,23.3%,,,,,,,,,,,,,,,
316,no-visualization,400,2,10,800,87,1.551724138,,21.8%,,,,,,,,,,,,,,,
317,no-visualization,400,2,10,800,85,1.6,,21.3%,,,,,,,,,,,,,,,
318,no-visualization,400,2,10,800,84,1.488095238,,21.0%,,,,,,,,,,,,,,,
319,no-visualization,400,2,10,800,78,1.525641026,,19.5%,,,,,,,,,,,,,,,
320,no-visualization,400,2,10,800,84,1.714285714,,21.0%,,,,,,,,,,,,,,,
321,no-visualization,400,3,10,800,93,2.182795699,,23.3%,21.9%,2.088751323,,,,,,,,,,,,,
322,no-visualization,400,3,10,800,95,2.105263158,,23.8%,,,,,,,,,,,,,,,
323,no-visualization,400,3,10,800,71,2.070422535,,17.8%,,,,,,,,,,,,,,,
324,no-visualization,400,3,10,800,96,2.104166667,,24.0%,,,,,,,,,,,,,,,
325,no-visualization,400,3,10,800,83,2.036144578,,20.8%,,,,,,,,,,,,,,,
326,no-visualization,400,3,10,800,86,2.093023256,,21.5%,,,,,,,,,,,,,,,
327,no-visualization,400,3,10,800,80,1.9625,,20.0%,,,,,,,,,,,,,,,
328,no-visualization,400,3,10,800,90,2.088888889,,22.5%,,,,,,,,,,,,,,,
329,no-visualization,400,3,10,800,95,2.221052632,,23.8%,,,,,,,,,,,,,,,
330,no-visualization,400,3,10,800,86,2.023255814,,21.5%,,,,,,,,,,,,,,,
331,no-visualization,400,4,10,800,77,2.493506494,,19.3%,22.8%,2.576030153,,,,,,,,,,,,,
332,no-visualization,400,4,10,800,101,2.594059406,,25.3%,,,,,,,,,,,,,,,
333,no-visualization,400,4,10,800,88,2.545454545,,22.0%,,,,,,,,,,,,,,,
334,no-visualization,400,4,10,800,98,2.551020408,,24.5%,,,,,,,,,,,,,,,
335,no-visualization,400,4,10,800,93,2.784946237,,23.3%,,,,,,,,,,,,,,,
336,no-visualization,400,4,10,800,86,2.709302326,,21.5%,,,,,,,,,,,,,,,
337,no-visualization,400,4,10,800,90,2.588888889,,22.5%,,,,,,,,,,,,,,,
338,no-visualization,400,4,10,800,94,2.436170213,,23.5%,,,,,,,,,,,,,,,
339,no-visualization,400,4,10,800,86,2.465116279,,21.5%,,,,,,,,,,,,,,,
340,no-visualization,400,4,10,800,98,2.591836735,,24.5%,,,,,,,,,,,,,,,
341,no-visualization,400,5,10,800,89,2.966292135,,22.3%,24.0%,3.118274412,,,,,,,,,,,,,
342,no-visualization,400,5,10,800,101,2.99009901,,25.3%,,,,,,,,,,,,,,,
343,no-visualization,400,5,10,800,95,3.157894737,,23.8%,,,,,,,,,,,,,,,
344,no-visualization,400,5,10,800,100,3.19,,25.0%,,,,,,,,,,,,,,,
345,no-visualization,400,5,10,800,93,3.161290323,,23.3%,,,,,,,,,,,,,,,
346,no-visualization,400,5,10,800,105,3.40952381,,26.3%,,,,,,,,,,,,,,,
347,no-visualization,400,5,10,800,98,2.979591837,,24.5%,,,,,,,,,,,,,,,
348,no-visualization,400,5,10,800,89,3.011235955,,22.3%,,,,,,,,,,,,,,,
349,no-visualization,400,5,10,800,97,3.134020619,,24.3%,,,,,,,,,,,,,,,
350,no-visualization,400,5,10,800,93,3.182795699,,23.3%,,,,,,,,,,,,,,,
351,no-visualization,400,6,10,800,119,3.831932773,,29.8%,26.3%,3.749727004,,,,,,,,,,,,,
352,no-visualization,400,6,10,800,105,3.885714286,,26.3%,,,,,,,,,,,,,,,
353,no-visualization,400,6,10,800,97,3.845360825,,24.3%,,,,,,,,,,,,,,,
354,no-visualization,400,6,10,800,106,3.566037736,,26.5%,,,,,,,,,,,,,,,
355,no-visualization,400,6,10,800,86,3.476744186,,21.5%,,,,,,,,,,,,,,,
356,no-visualization,400,6,10,800,123,3.585365854,,30.8%,,,,,,,,,,,,,,,
357,no-visualization,400,6,10,800,103,4.097087379,,25.8%,,,,,,,,,,,,,,,
358,no-visualization,400,6,10,800,104,4,,26.0%,,,,,,,,,,,,,,,
359,no-visualization,400,6,10,800,106,3.669811321,,26.5%,,,,,,,,,,,,,,,
360,no-visualization,400,6,10,800,102,3.539215686,,25.5%,,,,,,,,,,,,,,,
361,no-visualization,400,7,10,800,100,4.21,,25.0%,27.0%,4.460115223,,,,,,,,,,,,,
362,no-visualization,400,7,10,800,107,4.420560748,,26.8%,,,,,,,,,,,,,,,
363,no-visualization,400,7,10,800,117,4.700854701,,29.3%,,,,,,,,,,,,,,,
364,no-visualization,400,7,10,800,106,4.58490566,,26.5%,,,,,,,,,,,,,,,
365,no-visualization,400,7,10,800,99,4.111111111,,24.8%,,,,,,,,,,,,,,,
366,no-visualization,400,7,10,800,101,4.316831683,,25.3%,,,,,,,,,,,,,,,
367,no-visualization,400,7,10,800,118,4.36440678,,29.5%,,,,,,,,,,,,,,,
368,no-visualization,400,7,10,800,97,4.577319588,,24.3%,,,,,,,,,,,,,,,
369,no-visualization,400,7,10,800,119,4.56302521,,29.8%,,,,,,,,,,,,,,,
370,no-visualization,400,7,10,800,117,4.752136752,,29.3%,,,,,,,,,,,,,,,
371,no-visualization,400,8,10,800,123,5.447154472,,30.8%,28.4%,5.054475708,,,,,,,,,,,,,
372,no-visualization,400,8,10,800,116,4.939655172,,29.0%,,,,,,,,,,,,,,,
373,no-visualization,400,8,10,800,107,5.252336449,,26.8%,,,,,,,,,,,,,,,
374,no-visualization,400,8,10,800,114,5.070175439,,28.5%,,,,,,,,,,,,,,,
375,no-visualization,400,8,10,800,111,4.774774775,,27.8%,,,,,,,,,,,,,,,
376,no-visualization,400,8,10,800,112,4.607142857,,28.0%,,,,,,,,,,,,,,,
377,no-visualization,400,8,10,800,118,5.313559322,,29.5%,,,,,,,,,,,,,,,
378,no-visualization,400,8,10,800,105,5.00952381,,26.3%,,,,,,,,,,,,,,,
379,no-visualization,400,8,10,800,115,4.913043478,,28.8%,,,,,,,,,,,,,,,
380,no-visualization,400,8,10,800,115,5.217391304,,28.8%,,,,,,,,,,,,,,,
381,no-visualization,400,9,10,800,139,5.712230216,,34.8%,29.9%,5.504590081,,,,,,,,,,,,,
382,no-visualization,400,9,10,800,125,5.376,,31.3%,,,,,,,,,,,,,,,
383,no-visualization,400,9,10,800,111,5.468468468,,27.8%,,,,,,,,,,,,,,,
384,no-visualization,400,9,10,800,116,5.681034483,,29.0%,,,,,,,,,,,,,,,
385,no-visualization,400,9,10,800,112,5.285714286,,28.0%,,,,,,,,,,,,,,,
386,no-visualization,400,9,10,800,122,5.491803279,,30.5%,,,,,,,,,,,,,,,
387,no-visualization,400,9,10,800,130,5.346153846,,32.5%,,,,,,,,,,,,,,,
388,no-visualization,400,9,10,800,114,5.271929825,,28.5%,,,,,,,,,,,,,,,
389,no-visualization,400,9,10,800,111,5.711711712,,27.8%,,,,,,,,,,,,,,,
390,no-visualization,400,9,10,800,117,5.700854701,,29.3%,,,,,,,,,,,,,,,
391,no-visualization,400,10,10,800,133,5.984962406,,33.3%,30.4%,6.155071377,,,,,,,,,,,,,
392,no-visualization,400,10,10,800,109,5.541284404,,27.3%,,,,,,,,,,,,,,,
393,no-visualization,400,10,10,800,122,6.483606557,,30.5%,,,,,,,,,,,,,,,
394,no-visualization,400,10,10,800,117,6.222222222,,29.3%,,,,,,,,,,,,,,,
395,no-visualization,400,10,10,800,120,6.208333333,,30.0%,,,,,,,,,,,,,,,
396,no-visualization,400,10,10,800,127,5.834645669,,31.8%,,,,,,,,,,,,,,,
397,no-visualization,400,10,10,800,123,6.422764228,,30.8%,,,,,,,,,,,,,,,
398,no-visualization,400,10,10,800,118,6.406779661,,29.5%,,,,,,,,,,,,,,,
399,no-visualization,400,10,10,800,133,6.270676692,,33.3%,,,,,,,,,,,,,,,
400,no-visualization,400,10,10,800,114,6.175438596,,28.5%,,,,,,,,,,,,,,,
401,no-visualization,500,1,10,800,109,1,,21.8%,19.9%,1,,,,,,,,,,,,,
402,no-visualization,500,1,10,800,99,1,,19.8%,,,,,,,,,,,,,,,
403,no-visualization,500,1,10,800,98,1,,19.6%,,,,,,,,,,,,,,,
404,no-visualization,500,1,10,800,107,1,,21.4%,,,,,,,,,,,,,,,
405,no-visualization,500,1,10,800,89,1,,17.8%,,,,,,,,,,,,,,,
406,no-visualization,500,1,10,800,95,1,,19.0%,,,,,,,,,,,,,,,
407,no-visualization,500,1,10,800,102,1,,20.4%,,,,,,,,,,,,,,,
408,no-visualization,500,1,10,800,96,1,,19.2%,,,,,,,,,,,,,,,
409,no-visualization,500,1,10,800,94,1,,18.8%,,,,,,,,,,,,,,,
410,no-visualization,500,1,10,800,106,1,,21.2%,,,,,,,,,,,,,,,
411,no-visualization,500,2,10,800,102,1.5,,20.4%,21.5%,1.523519671,,,,,,,,,,,,,
412,no-visualization,500,2,10,800,110,1.536363636,,22.0%,,,,,,,,,,,,,,,
413,no-visualization,500,2,10,800,117,1.52991453,,23.4%,,,,,,,,,,,,,,,
414,no-visualization,500,2,10,800,100,1.57,,20.0%,,,,,,,,,,,,,,,
415,no-visualization,500,2,10,800,93,1.494623656,,18.6%,,,,,,,,,,,,,,,
416,no-visualization,500,2,10,800,121,1.570247934,,24.2%,,,,,,,,,,,,,,,
417,no-visualization,500,2,10,800,118,1.584745763,,23.6%,,,,,,,,,,,,,,,
418,no-visualization,500,2,10,800,100,1.45,,20.0%,,,,,,,,,,,,,,,
419,no-visualization,500,2,10,800,106,1.462264151,,21.2%,,,,,,,,,,,,,,,
420,no-visualization,500,2,10,800,108,1.537037037,,21.6%,,,,,,,,,,,,,,,
421,no-visualization,500,3,10,800,108,1.925925926,,21.6%,21.8%,2.07082225,,,,,,,,,,,,,
422,no-visualization,500,3,10,800,125,1.976,,25.0%,,,,,,,,,,,,,,,
423,no-visualization,500,3,10,800,109,2.091743119,,21.8%,,,,,,,,,,,,,,,
424,no-visualization,500,3,10,800,116,2.025862069,,23.2%,,,,,,,,,,,,,,,
425,no-visualization,500,3,10,800,98,1.969387755,,19.6%,,,,,,,,,,,,,,,
426,no-visualization,500,3,10,800,110,2.2,,22.0%,,,,,,,,,,,,,,,
427,no-visualization,500,3,10,800,93,2.182795699,,18.6%,,,,,,,,,,,,,,,
428,no-visualization,500,3,10,800,117,2.222222222,,23.4%,,,,,,,,,,,,,,,
429,no-visualization,500,3,10,800,105,2.114285714,,21.0%,,,,,,,,,,,,,,,
430,no-visualization,500,3,10,800,108,2,,21.6%,,,,,,,,,,,,,,,
431,no-visualization,500,4,10,800,117,2.735042735,,23.4%,23.8%,2.601679489,,,,,,,,,,,,,
432,no-visualization,500,4,10,800,104,2.5,,20.8%,,,,,,,,,,,,,,,
433,no-visualization,500,4,10,800,127,2.637795276,,25.4%,,,,,,,,,,,,,,,
434,no-visualization,500,4,10,800,111,2.603603604,,22.2%,,,,,,,,,,,,,,,
435,no-visualization,500,4,10,800,107,2.46728972,,21.4%,,,,,,,,,,,,,,,
436,no-visualization,500,4,10,800,130,2.638461538,,26.0%,,,,,,,,,,,,,,,
437,no-visualization,500,4,10,800,129,2.751937984,,25.8%,,,,,,,,,,,,,,,
438,no-visualization,500,4,10,800,117,2.623931624,,23.4%,,,,,,,,,,,,,,,
439,no-visualization,500,4,10,800,122,2.491803279,,24.4%,,,,,,,,,,,,,,,
440,no-visualization,500,4,10,800,127,2.566929134,,25.4%,,,,,,,,,,,,,,,
441,no-visualization,500,5,10,800,133,3.195488722,,26.6%,24.9%,3.226165552,,,,,,,,,,,,,
442,no-visualization,500,5,10,800,116,3.094827586,,23.2%,,,,,,,,,,,,,,,
443,no-visualization,500,5,10,800,128,3.296875,,25.6%,,,,,,,,,,,,,,,
444,no-visualization,500,5,10,800,115,3,,23.0%,,,,,,,,,,,,,,,
445,no-visualization,500,5,10,800,137,3.255474453,,27.4%,,,,,,,,,,,,,,,
446,no-visualization,500,5,10,800,127,3.251968504,,25.4%,,,,,,,,,,,,,,,
447,no-visualization,500,5,10,800,125,3.28,,25.0%,,,,,,,,,,,,,,,
448,no-visualization,500,5,10,800,129,3.217054264,,25.8%,,,,,,,,,,,,,,,
449,no-visualization,500,5,10,800,101,3.336633663,,20.2%,,,,,,,,,,,,,,,
450,no-visualization,500,5,10,800,132,3.333333333,,26.4%,,,,,,,,,,,,,,,
451,no-visualization,500,6,10,800,126,3.603174603,,25.2%,25.3%,3.685245634,,,,,,,,,,,,,
452,no-visualization,500,6,10,800,117,3.632478632,,23.4%,,,,,,,,,,,,,,,
453,no-visualization,500,6,10,800,134,3.708955224,,26.8%,,,,,,,,,,,,,,,
454,no-visualization,500,6,10,800,125,3.464,,25.0%,,,,,,,,,,,,,,,
455,no-visualization,500,6,10,800,115,3.756521739,,23.0%,,,,,,,,,,,,,,,
456,no-visualization,500,6,10,800,126,3.698412698,,25.2%,,,,,,,,,,,,,,,
457,no-visualization,500,6,10,800,145,3.606896552,,29.0%,,,,,,,,,,,,,,,
458,no-visualization,500,6,10,800,122,3.655737705,,24.4%,,,,,,,,,,,,,,,
459,no-visualization,500,6,10,800,132,3.939393939,,26.4%,,,,,,,,,,,,,,,
460,no-visualization,500,6,10,800,122,3.786885246,,24.4%,,,,,,,,,,,,,,,
461,no-visualization,500,7,10,800,134,4.298507463,,26.8%,26.5%,4.379784396,,,,,,,,,,,,,
462,no-visualization,500,7,10,800,112,4.214285714,,22.4%,,,,,,,,,,,,,,,
463,no-visualization,500,7,10,800,130,4.469230769,,26.0%,,,,,,,,,,,,,,,
464,no-visualization,500,7,10,800,131,4.419847328,,26.2%,,,,,,,,,,,,,,,
465,no-visualization,500,7,10,800,132,4.356060606,,26.4%,,,,,,,,,,,,,,,
466,no-visualization,500,7,10,800,140,4.628571429,,28.0%,,,,,,,,,,,,,,,
467,no-visualization,500,7,10,800,130,3.976923077,,26.0%,,,,,,,,,,,,,,,
468,no-visualization,500,7,10,800,138,4.768115942,,27.6%,,,,,,,,,,,,,,,
469,no-visualization,500,7,10,800,136,4.389705882,,27.2%,,,,,,,,,,,,,,,
470,no-visualization,500,7,10,800,141,4.276595745,,28.2%,,,,,,,,,,,,,,,
471,no-visualization,500,8,10,800,152,4.921052632,,30.4%,28.9%,4.88963977,,,,,,,,,,,,,
472,no-visualization,500,8,10,800,147,5.006802721,,29.4%,,,,,,,,,,,,,,,
473,no-visualization,500,8,10,800,142,4.669014085,,28.4%,,,,,,,,,,,,,,,
474,no-visualization,500,8,10,800,149,5.046979866,,29.8%,,,,,,,,,,,,,,,
475,no-visualization,500,8,10,800,155,4.890322581,,31.0%,,,,,,,,,,,,,,,
476,no-visualization,500,8,10,800,131,4.755725191,,26.2%,,,,,,,,,,,,,,,
477,no-visualization,500,8,10,800,146,4.801369863,,29.2%,,,,,,,,,,,,,,,
478,no-visualization,500,8,10,800,143,5.097902098,,28.6%,,,,,,,,,,,,,,,
479,no-visualization,500,8,10,800,142,4.802816901,,28.4%,,,,,,,,,,,,,,,
480,no-visualization,500,8,10,800,136,4.904411765,,27.2%,,,,,,,,,,,,,,,
481,no-visualization,500,9,10,800,150,5.24,,30.0%,29.1%,5.555514469,,,,,,,,,,,,,
482,no-visualization,500,9,10,800,144,5.722222222,,28.8%,,,,,,,,,,,,,,,
483,no-visualization,500,9,10,800,145,5.613793103,,29.0%,,,,,,,,,,,,,,,
484,no-visualization,500,9,10,800,146,5.97260274,,29.2%,,,,,,,,,,,,,,,
485,no-visualization,500,9,10,800,138,5.434782609,,27.6%,,,,,,,,,,,,,,,
486,no-visualization,500,9,10,800,140,5.7,,28.0%,,,,,,,,,,,,,,,
487,no-visualization,500,9,10,800,163,5.478527607,,32.6%,,,,,,,,,,,,,,,
488,no-visualization,500,9,10,800,135,5.674074074,,27.0%,,,,,,,,,,,,,,,
489,no-visualization,500,9,10,800,139,5.287769784,,27.8%,,,,,,,,,,,,,,,
490,no-visualization,500,9,10,800,153,5.431372549,,30.6%,,,,,,,,,,,,,,,
491,no-visualization,500,10,10,800,153,6.235294118,,30.6%,30.2%,6.005807843,,,,,,,,,,,,,
492,no-visualization,500,10,10,800,146,5.561643836,,29.2%,,,,,,,,,,,,,,,
493,no-visualization,500,10,10,800,142,5.971830986,,28.4%,,,,,,,,,,,,,,,
494,no-visualization,500,10,10,800,156,6.038461538,,31.2%,,,,,,,,,,,,,,,
495,no-visualization,500,10,10,800,137,5.934306569,,27.4%,,,,,,,,,,,,,,,
496,no-visualization,500,10,10,800,143,6.027972028,,28.6%,,,,,,,,,,,,,,,
497,no-visualization,500,10,10,800,171,6.011695906,,34.2%,,,,,,,,,,,,,,,
498,no-visualization,500,10,10,800,154,6.292207792,,30.8%,,,,,,,,,,,,,,,
499,no-visualization,500,10,10,800,153,5.869281046,,30.6%,,,,,,,,,,,,,,,
500,no-visualization,500,10,10,800,156,6.115384615,,31.2%,,,,,,,,,,,,,,,
501,no-visualization,600,1,10,800,116,1,,19.3%,20.8%,1,,,,,,,,,,,,,
502,no-visualization,600,1,10,800,129,1,,21.5%,,,,,,,,,,,,,,,
503,no-visualization,600,1,10,800,124,1,,20.7%,,,,,,,,,,,,,,,
504,no-visualization,600,1,10,800,129,1,,21.5%,,,,,,,,,,,,,,,
505,no-visualization,600,1,10,800,116,1,,19.3%,,,,,,,,,,,,,,,
506,no-visualization,600,1,10,800,134,1,,22.3%,,,,,,,,,,,,,,,
507,no-visualization,600,1,10,800,129,1,,21.5%,,,,,,,,,,,,,,,
508,no-visualization,600,1,10,800,128,1,,21.3%,,,,,,,,,,,,,,,
509,no-visualization,600,1,10,800,122,1,,20.3%,,,,,,,,,,,,,,,
510,no-visualization,600,1,10,800,122,1,,20.3%,,,,,,,,,,,,,,,
511,no-visualization,600,2,10,800,125,1.416,,20.8%,20.9%,1.497865801,,,,,,,,,,,,,
512,no-visualization,600,2,10,800,130,1.569230769,,21.7%,,,,,,,,,,,,,,,
513,no-visualization,600,2,10,800,129,1.465116279,,21.5%,,,,,,,,,,,,,,,
514,no-visualization,600,2,10,800,112,1.446428571,,18.7%,,,,,,,,,,,,,,,
515,no-visualization,600,2,10,800,108,1.490740741,,18.0%,,,,,,,,,,,,,,,
516,no-visualization,600,2,10,800,137,1.496350365,,22.8%,,,,,,,,,,,,,,,
517,no-visualization,600,2,10,800,138,1.579710145,,23.0%,,,,,,,,,,,,,,,
518,no-visualization,600,2,10,800,121,1.504132231,,20.2%,,,,,,,,,,,,,,,
519,no-visualization,600,2,10,800,137,1.510948905,,22.8%,,,,,,,,,,,,,,,
520,no-visualization,600,2,10,800,118,1.5,,19.7%,,,,,,,,,,,,,,,
521,no-visualization,600,3,10,800,112,2.151785714,,18.7%,22.1%,2.058483838,,,,,,,,,,,,,
522,no-visualization,600,3,10,800,135,2.037037037,,22.5%,,,,,,,,,,,,,,,
523,no-visualization,600,3,10,800,149,1.932885906,,24.8%,,,,,,,,,,,,,,,
524,no-visualization,600,3,10,800,145,2.04137931,,24.2%,,,,,,,,,,,,,,,
525,no-visualization,600,3,10,800,126,2.087301587,,21.0%,,,,,,,,,,,,,,,
526,no-visualization,600,3,10,800,125,2.168,,20.8%,,,,,,,,,,,,,,,
527,no-visualization,600,3,10,800,140,2.128571429,,23.3%,,,,,,,,,,,,,,,
528,no-visualization,600,3,10,800,148,2.047297297,,24.7%,,,,,,,,,,,,,,,
529,no-visualization,600,3,10,800,119,1.966386555,,19.8%,,,,,,,,,,,,,,,
530,no-visualization,600,3,10,800,124,2.024193548,,20.7%,,,,,,,,,,,,,,,
531,no-visualization,600,4,10,800,154,2.720779221,,25.7%,23.5%,2.63308681,,,,,,,,,,,,,
532,no-visualization,600,4,10,800,152,2.618421053,,25.3%,,,,,,,,,,,,,,,
533,no-visualization,600,4,10,800,127,2.700787402,,21.2%,,,,,,,,,,,,,,,
534,no-visualization,600,4,10,800,147,2.632653061,,24.5%,,,,,,,,,,,,,,,
535,no-visualization,600,4,10,800,145,2.648275862,,24.2%,,,,,,,,,,,,,,,
536,no-visualization,600,4,10,800,136,2.625,,22.7%,,,,,,,,,,,,,,,
537,no-visualization,600,4,10,800,134,2.567164179,,22.3%,,,,,,,,,,,,,,,
538,no-visualization,600,4,10,800,141,2.546099291,,23.5%,,,,,,,,,,,,,,,
539,no-visualization,600,4,10,800,130,2.723076923,,21.7%,,,,,,,,,,,,,,,
540,no-visualization,600,4,10,800,144,2.548611111,,24.0%,,,,,,,,,,,,,,,
541,no-visualization,600,5,10,800,174,3.028735632,,29.0%,24.4%,3.144038398,,,,,,,,,,,,,
542,no-visualization,600,5,10,800,147,3.217687075,,24.5%,,,,,,,,,,,,,,,
543,no-visualization,600,5,10,800,141,3.021276596,,23.5%,,,,,,,,,,,,,,,
544,no-visualization,600,5,10,800,143,3.125874126,,23.8%,,,,,,,,,,,,,,,
545,no-visualization,600,5,10,800,167,3.137724551,,27.8%,,,,,,,,,,,,,,,
546,no-visualization,600,5,10,800,148,3.135135135,,24.7%,,,,,,,,,,,,,,,
547,no-visualization,600,5,10,800,121,3.099173554,,20.2%,,,,,,,,,,,,,,,
548,no-visualization,600,5,10,800,158,3.278481013,,26.3%,,,,,,,,,,,,,,,
549,no-visualization,600,5,10,800,135,3.296296296,,22.5%,,,,,,,,,,,,,,,
550,no-visualization,600,5,10,800,130,3.1,,21.7%,,,,,,,,,,,,,,,
551,no-visualization,600,6,10,800,160,3.89375,,26.7%,24.7%,3.800670772,,,,,,,,,,,,,
552,no-visualization,600,6,10,800,136,3.823529412,,22.7%,,,,,,,,,,,,,,,
553,no-visualization,600,6,10,800,144,4.020833333,,24.0%,,,,,,,,,,,,,,,
554,no-visualization,600,6,10,800,163,3.773006135,,27.2%,,,,,,,,,,,,,,,
555,no-visualization,600,6,10,800,132,3.636363636,,22.0%,,,,,,,,,,,,,,,
556,no-visualization,600,6,10,800,157,3.681528662,,26.2%,,,,,,,,,,,,,,,
557,no-visualization,600,6,10,800,139,3.81294964,,23.2%,,,,,,,,,,,,,,,
558,no-visualization,600,6,10,800,148,3.601351351,,24.7%,,,,,,,,,,,,,,,
559,no-visualization,600,6,10,800,151,3.854304636,,25.2%,,,,,,,,,,,,,,,
560,no-visualization,600,6,10,800,154,3.909090909,,25.7%,,,,,,,,,,,,,,,
561,no-visualization,600,7,10,800,172,4.331395349,,28.7%,27.4%,4.400169485,,,,,,,,,,,,,
562,no-visualization,600,7,10,800,154,4.597402597,,25.7%,,,,,,,,,,,,,,,
563,no-visualization,600,7,10,800,172,4.523255814,,28.7%,,,,,,,,,,,,,,,
564,no-visualization,600,7,10,800,165,4.236363636,,27.5%,,,,,,,,,,,,,,,
565,no-visualization,600,7,10,800,158,4.272151899,,26.3%,,,,,,,,,,,,,,,
566,no-visualization,600,7,10,800,178,4.528089888,,29.7%,,,,,,,,,,,,,,,
567,no-visualization,600,7,10,800,175,4.497142857,,29.2%,,,,,,,,,,,,,,,
568,no-visualization,600,7,10,800,155,4.490322581,,25.8%,,,,,,,,,,,,,,,
569,no-visualization,600,7,10,800,147,4.102040816,,24.5%,,,,,,,,,,,,,,,
570,no-visualization,600,7,10,800,170,4.423529412,,28.3%,,,,,,,,,,,,,,,
571,no-visualization,600,8,10,800,185,4.605405405,,30.8%,28.5%,4.989644647,,,,,,,,,,,,,
572,no-visualization,600,8,10,800,168,4.922619048,,28.0%,,,,,,,,,,,,,,,
573,no-visualization,600,8,10,800,157,5.025477707,,26.2%,,,,,,,,,,,,,,,
574,no-visualization,600,8,10,800,164,5.329268293,,27.3%,,,,,,,,,,,,,,,
575,no-visualization,600,8,10,800,168,4.892857143,,28.0%,,,,,,,,,,,,,,,
576,no-visualization,600,8,10,800,169,4.893491124,,28.2%,,,,,,,,,,,,,,,
577,no-visualization,600,8,10,800,172,5.034883721,,28.7%,,,,,,,,,,,,,,,
578,no-visualization,600,8,10,800,173,4.936416185,,28.8%,,,,,,,,,,,,,,,
579,no-visualization,600,8,10,800,173,5.167630058,,28.8%,,,,,,,,,,,,,,,
580,no-visualization,600,8,10,800,181,5.08839779,,30.2%,,,,,,,,,,,,,,,
581,no-visualization,600,9,10,800,185,5.572972973,,30.8%,29.3%,5.641789005,,,,,,,,,,,,,
582,no-visualization,600,9,10,800,175,5.582857143,,29.2%,,,,,,,,,,,,,,,
583,no-visualization,600,9,10,800,180,5.694444444,,30.0%,,,,,,,,,,,,,,,
584,no-visualization,600,9,10,800,168,5.696428571,,28.0%,,,,,,,,,,,,,,,
585,no-visualization,600,9,10,800,184,5.619565217,,30.7%,,,,,,,,,,,,,,,
586,no-visualization,600,9,10,800,163,5.466257669,,27.2%,,,,,,,,,,,,,,,
587,no-visualization,600,9,10,800,166,5.36746988,,27.7%,,,,,,,,,,,,,,,
588,no-visualization,600,9,10,800,193,5.735751295,,32.2%,,,,,,,,,,,,,,,
589,no-visualization,600,9,10,800,182,5.857142857,,30.3%,,,,,,,,,,,,,,,
590,no-visualization,600,9,10,800,160,5.825,,26.7%,,,,,,,,,,,,,,,
591,no-visualization,600,10,10,800,175,6.354285714,,29.2%,30.0%,6.065948833,,,,,,,,,,,,,
592,no-visualization,600,10,10,800,184,6.25,,30.7%,,,,,,,,,,,,,,,
593,no-visualization,600,10,10,800,181,6.049723757,,30.2%,,,,,,,,,,,,,,,
594,no-visualization,600,10,10,800,179,6.072625698,,29.8%,,,,,,,,,,,,,,,
595,no-visualization,600,10,10,800,162,6.234567901,,27.0%,,,,,,,,,,,,,,,
596,no-visualization,600,10,10,800,185,5.891891892,,30.8%,,,,,,,,,,,,,,,
597,no-visualization,600,10,10,800,194,5.886597938,,32.3%,,,,,,,,,,,,,,,
598,no-visualization,600,10,10,800,170,6.082352941,,28.3%,,,,,,,,,,,,,,,
599,no-visualization,600,10,10,800,196,5.918367347,,32.7%,,,,,,,,,,,,,,,
600,no-visualization,600,10,10,800,173,5.919075145,,28.8%,,,,,,,,,,,,,,,
601,no-visualization,700,1,10,800,145,1,,20.7%,20.2%,1,,,,,,,,,,,,,
602,no-visualization,700,1,10,800,135,1,,19.3%,,,,,,,,,,,,,,,
603,no-visualization,700,1,10,800,132,1,,18.9%,,,,,,,,,,,,,,,
604,no-visualization,700,1,10,800,149,1,,21.3%,,,,,,,,,,,,,,,
605,no-visualization,700,1,10,800,140,1,,20.0%,,,,,,,,,,,,,,,
606,no-visualization,700,1,10,800,147,1,,21.0%,,,,,,,,,,,,,,,
607,no-visualization,700,1,10,800,157,1,,22.4%,,,,,,,,,,,,,,,
608,no-visualization,700,1,10,800,128,1,,18.3%,,,,,,,,,,,,,,,
609,no-visualization,700,1,10,800,154,1,,22.0%,,,,,,,,,,,,,,,
610,no-visualization,700,1,10,800,130,1,,18.6%,,,,,,,,,,,,,,,
611,no-visualization,700,2,10,800,146,1.51369863,,20.9%,20.5%,1.508862882,,,,,,,,,,,,,
612,no-visualization,700,2,10,800,164,1.506097561,,23.4%,,,,,,,,,,,,,,,
613,no-visualization,700,2,10,800,133,1.466165414,,19.0%,,,,,,,,,,,,,,,
614,no-visualization,700,2,10,800,143,1.524475524,,20.4%,,,,,,,,,,,,,,,
615,no-visualization,700,2,10,800,136,1.5,,19.4%,,,,,,,,,,,,,,,
616,no-visualization,700,2,10,800,139,1.532374101,,19.9%,,,,,,,,,,,,,,,
617,no-visualization,700,2,10,800,139,1.503597122,,19.9%,,,,,,,,,,,,,,,
618,no-visualization,700,2,10,800,149,1.489932886,,21.3%,,,,,,,,,,,,,,,
619,no-visualization,700,2,10,800,136,1.529411765,,19.4%,,,,,,,,,,,,,,,
620,no-visualization,700,2,10,800,153,1.522875817,,21.9%,,,,,,,,,,,,,,,
621,no-visualization,700,3,10,800,154,2.019480519,,22.0%,21.9%,2.082183998,,,,,,,,,,,,,
622,no-visualization,700,3,10,800,150,2.126666667,,21.4%,,,,,,,,,,,,,,,
623,no-visualization,700,3,10,800,153,2.019607843,,21.9%,,,,,,,,,,,,,,,
624,no-visualization,700,3,10,800,156,2.128205128,,22.3%,,,,,,,,,,,,,,,
625,no-visualization,700,3,10,800,147,2.074829932,,21.0%,,,,,,,,,,,,,,,
626,no-visualization,700,3,10,800,142,2.077464789,,20.3%,,,,,,,,,,,,,,,
627,no-visualization,700,3,10,800,175,2.125714286,,25.0%,,,,,,,,,,,,,,,
628,no-visualization,700,3,10,800,154,2.012987013,,22.0%,,,,,,,,,,,,,,,
629,no-visualization,700,3,10,800,142,2.105633803,,20.3%,,,,,,,,,,,,,,,
630,no-visualization,700,3,10,800,160,2.13125,,22.9%,,,,,,,,,,,,,,,
631,no-visualization,700,4,10,800,158,2.537974684,,22.6%,22.1%,2.552399328,,,,,,,,,,,,,
632,no-visualization,700,4,10,800,159,2.672955975,,22.7%,,,,,,,,,,,,,,,
633,no-visualization,700,4,10,800,130,2.430769231,,18.6%,,,,,,,,,,,,,,,
634,no-visualization,700,4,10,800,171,2.561403509,,24.4%,,,,,,,,,,,,,,,
635,no-visualization,700,4,10,800,164,2.445121951,,23.4%,,,,,,,,,,,,,,,
636,no-visualization,700,4,10,800,158,2.544303797,,22.6%,,,,,,,,,,,,,,,
637,no-visualization,700,4,10,800,164,2.506097561,,23.4%,,,,,,,,,,,,,,,
638,no-visualization,700,4,10,800,155,2.632258065,,22.1%,,,,,,,,,,,,,,,
639,no-visualization,700,4,10,800,155,2.761290323,,22.1%,,,,,,,,,,,,,,,
640,no-visualization,700,4,10,800,132,2.431818182,,18.9%,,,,,,,,,,,,,,,
641,no-visualization,700,5,10,800,158,3.012658228,,22.6%,24.5%,3.188762623,,,,,,,,,,,,,
642,no-visualization,700,5,10,800,159,3.257861635,,22.7%,,,,,,,,,,,,,,,
643,no-visualization,700,5,10,800,169,3.201183432,,24.1%,,,,,,,,,,,,,,,
644,no-visualization,700,5,10,800,188,3.079787234,,26.9%,,,,,,,,,,,,,,,
645,no-visualization,700,5,10,800,168,3.327380952,,24.0%,,,,,,,,,,,,,,,
646,no-visualization,700,5,10,800,164,3.347560976,,23.4%,,,,,,,,,,,,,,,
647,no-visualization,700,5,10,800,152,3.269736842,,21.7%,,,,,,,,,,,,,,,
648,no-visualization,700,5,10,800,193,3.041450777,,27.6%,,,,,,,,,,,,,,,
649,no-visualization,700,5,10,800,172,3.244186047,,24.6%,,,,,,,,,,,,,,,
650,no-visualization,700,5,10,800,189,3.105820106,,27.0%,,,,,,,,,,,,,,,
651,no-visualization,700,6,10,800,177,3.762711864,,25.3%,25.6%,3.835767809,,,,,,,,,,,,,
652,no-visualization,700,6,10,800,195,3.717948718,,27.9%,,,,,,,,,,,,,,,
653,no-visualization,700,6,10,800,174,3.82183908,,24.9%,,,,,,,,,,,,,,,
654,no-visualization,700,6,10,800,171,3.859649123,,24.4%,,,,,,,,,,,,,,,
655,no-visualization,700,6,10,800,190,3.821052632,,27.1%,,,,,,,,,,,,,,,
656,no-visualization,700,6,10,800,180,3.861111111,,25.7%,,,,,,,,,,,,,,,
657,no-visualization,700,6,10,800,162,3.839506173,,23.1%,,,,,,,,,,,,,,,
658,no-visualization,700,6,10,800,177,3.915254237,,25.3%,,,,,,,,,,,,,,,
659,no-visualization,700,6,10,800,186,3.887096774,,26.6%,,,,,,,,,,,,,,,
660,no-visualization,700,6,10,800,179,3.87150838,,25.6%,,,,,,,,,,,,,,,
661,no-visualization,700,7,10,800,199,4.43718593,,28.4%,27.0%,4.351147935,,,,,,,,,,,,,
662,no-visualization,700,7,10,800,185,4.248648649,,26.4%,,,,,,,,,,,,,,,
663,no-visualization,700,7,10,800,197,4.568527919,,28.1%,,,,,,,,,,,,,,,
664,no-visualization,700,7,10,800,182,4.076923077,,26.0%,,,,,,,,,,,,,,,
665,no-visualization,700,7,10,800,184,4.293478261,,26.3%,,,,,,,,,,,,,,,
666,no-visualization,700,7,10,800,157,4.299363057,,22.4%,,,,,,,,,,,,,,,
667,no-visualization,700,7,10,800,189,4.55026455,,27.0%,,,,,,,,,,,,,,,
668,no-visualization,700,7,10,800,208,4.524038462,,29.7%,,,,,,,,,,,,,,,
669,no-visualization,700,7,10,800,182,4.335164835,,26.0%,,,,,,,,,,,,,,,
670,no-visualization,700,7,10,800,208,4.177884615,,29.7%,,,,,,,,,,,,,,,
671,no-visualization,700,8,10,800,183,4.765027322,,26.1%,28.0%,4.93652826,,,,,,,,,,,,,
672,no-visualization,700,8,10,800,191,4.926701571,,27.3%,,,,,,,,,,,,,,,
673,no-visualization,700,8,10,800,212,4.905660377,,30.3%,,,,,,,,,,,,,,,
674,no-visualization,700,8,10,800,196,4.897959184,,28.0%,,,,,,,,,,,,,,,
675,no-visualization,700,8,10,800,207,5.014492754,,29.6%,,,,,,,,,,,,,,,
676,no-visualization,700,8,10,800,196,4.841836735,,28.0%,,,,,,,,,,,,,,,
677,no-visualization,700,8,10,800,200,4.945,,28.6%,,,,,,,,,,,,,,,
678,no-visualization,700,8,10,800,194,5.051546392,,27.7%,,,,,,,,,,,,,,,
679,no-visualization,700,8,10,800,185,4.956756757,,26.4%,,,,,,,,,,,,,,,
680,no-visualization,700,8,10,800,199,5.060301508,,28.4%,,,,,,,,,,,,,,,
681,no-visualization,700,9,10,800,202,5.747524752,,28.9%,29.0%,5.622432449,,,,,,,,,,,,,
682,no-visualization,700,9,10,800,201,5.791044776,,28.7%,,,,,,,,,,,,,,,
683,no-visualization,700,9,10,800,192,5.770833333,,27.4%,,,,,,,,,,,,,,,
684,no-visualization,700,9,10,800,233,5.360515021,,33.3%,,,,,,,,,,,,,,,
685,no-visualization,700,9,10,800,205,5.604878049,,29.3%,,,,,,,,,,,,,,,
686,no-visualization,700,9,10,800,201,5.512437811,,28.7%,,,,,,,,,,,,,,,
687,no-visualization,700,9,10,800,214,5.644859813,,30.6%,,,,,,,,,,,,,,,
688,no-visualization,700,9,10,800,181,5.624309392,,25.9%,,,,,,,,,,,,,,,
689,no-visualization,700,9,10,800,196,5.459183673,,28.0%,,,,,,,,,,,,,,,
690,no-visualization,700,9,10,800,206,5.708737864,,29.4%,,,,,,,,,,,,,,,
691,no-visualization,700,10,10,800,233,5.836909871,,33.3%,30.8%,6.136848688,,,,,,,,,,,,,
692,no-visualization,700,10,10,800,217,6.262672811,,31.0%,,,,,,,,,,,,,,,
693,no-visualization,700,10,10,800,222,6.121621622,,31.7%,,,,,,,,,,,,,,,
694,no-visualization,700,10,10,800,224,6.151785714,,32.0%,,,,,,,,,,,,,,,
695,no-visualization,700,10,10,800,223,6.408071749,,31.9%,,,,,,,,,,,,,,,
696,no-visualization,700,10,10,800,192,6.369791667,,27.4%,,,,,,,,,,,,,,,
697,no-visualization,700,10,10,800,187,6.106951872,,26.7%,,,,,,,,,,,,,,,
698,no-visualization,700,10,10,800,227,6.211453744,,32.4%,,,,,,,,,,,,,,,
699,no-visualization,700,10,10,800,204,5.828431373,,29.1%,,,,,,,,,,,,,,,
700,no-visualization,700,10,10,800,226,6.07079646,,32.3%,,,,,,,,,,,,,,,
701,no-visualization,800,1,10,800,157,1,,19.6%,19.6%,1,,,,,,,,,,,,,
702,no-visualization,800,1,10,800,156,1,,19.5%,,,,,,,,,,,,,,,
703,no-visualization,800,1,10,800,143,1,,17.9%,,,,,,,,,,,,,,,
704,no-visualization,800,1,10,800,182,1,,22.8%,,,,,,,,,,,,,,,
705,no-visualization,800,1,10,800,152,1,,19.0%,,,,,,,,,,,,,,,
706,no-visualization,800,1,10,800,163,1,,20.4%,,,,,,,,,,,,,,,
707,no-visualization,800,1,10,800,167,1,,20.9%,,,,,,,,,,,,,,,
708,no-visualization,800,1,10,800,156,1,,19.5%,,,,,,,,,,,,,,,
709,no-visualization,800,1,10,800,154,1,,19.3%,,,,,,,,,,,,,,,
710,no-visualization,800,1,10,800,139,1,,17.4%,,,,,,,,,,,,,,,
711,no-visualization,800,2,10,800,184,1.52173913,,23.0%,21.0%,1.512213843,,,,,,,,,,,,,
712,no-visualization,800,2,10,800,190,1.521052632,,23.8%,,,,,,,,,,,,,,,
713,no-visualization,800,2,10,800,168,1.547619048,,21.0%,,,,,,,,,,,,,,,
714,no-visualization,800,2,10,800,149,1.469798658,,18.6%,,,,,,,,,,,,,,,
715,no-visualization,800,2,10,800,159,1.48427673,,19.9%,,,,,,,,,,,,,,,
716,no-visualization,800,2,10,800,168,1.529761905,,21.0%,,,,,,,,,,,,,,,
717,no-visualization,800,2,10,800,171,1.543859649,,21.4%,,,,,,,,,,,,,,,
718,no-visualization,800,2,10,800,161,1.51552795,,20.1%,,,,,,,,,,,,,,,
719,no-visualization,800,2,10,800,158,1.550632911,,19.8%,,,,,,,,,,,,,,,
720,no-visualization,800,2,10,800,169,1.437869822,,21.1%,,,,,,,,,,,,,,,
721,no-visualization,800,3,10,800,187,2.021390374,,23.4%,22.4%,2.099594816,,,,,,,,,,,,,
722,no-visualization,800,3,10,800,183,2.245901639,,22.9%,,,,,,,,,,,,,,,
723,no-visualization,800,3,10,800,191,2.115183246,,23.9%,,,,,,,,,,,,,,,
724,no-visualization,800,3,10,800,179,2.022346369,,22.4%,,,,,,,,,,,,,,,
725,no-visualization,800,3,10,800,183,2.092896175,,22.9%,,,,,,,,,,,,,,,
726,no-visualization,800,3,10,800,167,2.19760479,,20.9%,,,,,,,,,,,,,,,
727,no-visualization,800,3,10,800,183,2.06010929,,22.9%,,,,,,,,,,,,,,,
728,no-visualization,800,3,10,800,162,2.117283951,,20.3%,,,,,,,,,,,,,,,
729,no-visualization,800,3,10,800,176,2.045454545,,22.0%,,,,,,,,,,,,,,,
730,no-visualization,800,3,10,800,180,2.077777778,,22.5%,,,,,,,,,,,,,,,
731,no-visualization,800,4,10,800,190,2.415789474,,23.8%,23.4%,2.573759757,,,,,,,,,,,,,
732,no-visualization,800,4,10,800,188,2.585106383,,23.5%,,,,,,,,,,,,,,,
733,no-visualization,800,4,10,800,189,2.666666667,,23.6%,,,,,,,,,,,,,,,
734,no-visualization,800,4,10,800,167,2.54491018,,20.9%,,,,,,,,,,,,,,,
735,no-visualization,800,4,10,800,208,2.5,,26.0%,,,,,,,,,,,,,,,
736,no-visualization,800,4,10,800,189,2.798941799,,23.6%,,,,,,,,,,,,,,,
737,no-visualization,800,4,10,800,184,2.532608696,,23.0%,,,,,,,,,,,,,,,
738,no-visualization,800,4,10,800,191,2.638743455,,23.9%,,,,,,,,,,,,,,,
739,no-visualization,800,4,10,800,184,2.532608696,,23.0%,,,,,,,,,,,,,,,
740,no-visualization,800,4,10,800,180,2.522222222,,22.5%,,,,,,,,,,,,,,,
741,no-visualization,800,5,10,800,202,3.044554455,,25.3%,24.0%,3.11484072,,,,,,,,,,,,,
742,no-visualization,800,5,10,800,201,3.07960199,,25.1%,,,,,,,,,,,,,,,
743,no-visualization,800,5,10,800,175,3,,21.9%,,,,,,,,,,,,,,,
744,no-visualization,800,5,10,800,197,3.233502538,,24.6%,,,,,,,,,,,,,,,
745,no-visualization,800,5,10,800,188,3.010638298,,23.5%,,,,,,,,,,,,,,,
746,no-visualization,800,5,10,800,190,3.242105263,,23.8%,,,,,,,,,,,,,,,
747,no-visualization,800,5,10,800,202,3.183168317,,25.3%,,,,,,,,,,,,,,,
748,no-visualization,800,5,10,800,178,3.123595506,,22.3%,,,,,,,,,,,,,,,
749,no-visualization,800,5,10,800,183,3.109289617,,22.9%,,,,,,,,,,,,,,,
750,no-visualization,800,5,10,800,205,3.12195122,,25.6%,,,,,,,,,,,,,,,
751,no-visualization,800,6,10,800,199,3.582914573,,24.9%,25.5%,3.730329528,,,,,,,,,,,,,
752,no-visualization,800,6,10,800,192,3.791666667,,24.0%,,,,,,,,,,,,,,,
753,no-visualization,800,6,10,800,211,3.620853081,,26.4%,,,,,,,,,,,,,,,
754,no-visualization,800,6,10,800,215,3.762790698,,26.9%,,,,,,,,,,,,,,,
755,no-visualization,800,6,10,800,191,3.858638743,,23.9%,,,,,,,,,,,,,,,
756,no-visualization,800,6,10,800,212,3.735849057,,26.5%,,,,,,,,,,,,,,,
757,no-visualization,800,6,10,800,210,3.595238095,,26.3%,,,,,,,,,,,,,,,
758,no-visualization,800,6,10,800,222,3.810810811,,27.8%,,,,,,,,,,,,,,,
759,no-visualization,800,6,10,800,206,3.718446602,,25.8%,,,,,,,,,,,,,,,
760,no-visualization,800,6,10,800,184,3.826086957,,23.0%,,,,,,,,,,,,,,,
761,no-visualization,800,7,10,800,226,4.579646018,,28.3%,26.5%,4.460642032,,,,,,,,,,,,,
762,no-visualization,800,7,10,800,215,4.106976744,,26.9%,,,,,,,,,,,,,,,
763,no-visualization,800,7,10,800,204,4.656862745,,25.5%,,,,,,,,,,,,,,,
764,no-visualization,800,7,10,800,187,4.625668449,,23.4%,,,,,,,,,,,,,,,
765,no-visualization,800,7,10,800,205,4.409756098,,25.6%,,,,,,,,,,,,,,,
766,no-visualization,800,7,10,800,216,4.569444444,,27.0%,,,,,,,,,,,,,,,
767,no-visualization,800,7,10,800,204,4.338235294,,25.5%,,,,,,,,,,,,,,,
768,no-visualization,800,7,10,800,216,4.560185185,,27.0%,,,,,,,,,,,,,,,
769,no-visualization,800,7,10,800,214,4.387850467,,26.8%,,,,,,,,,,,,,,,
770,no-visualization,800,7,10,800,234,4.371794872,,29.3%,,,,,,,,,,,,,,,
771,no-visualization,800,8,10,800,237,5.156118143,,29.6%,28.7%,4.907434893,,,,,,,,,,,,,
772,no-visualization,800,8,10,800,215,4.776744186,,26.9%,,,,,,,,,,,,,,,
773,no-visualization,800,8,10,800,230,5.1,,28.8%,,,,,,,,,,,,,,,
774,no-visualization,800,8,10,800,231,4.675324675,,28.9%,,,,,,,,,,,,,,,
775,no-visualization,800,8,10,800,230,4.947826087,,28.8%,,,,,,,,,,,,,,,
776,no-visualization,800,8,10,800,232,4.948275862,,29.0%,,,,,,,,,,,,,,,
777,no-visualization,800,8,10,800,216,4.777777778,,27.0%,,,,,,,,,,,,,,,
778,no-visualization,800,8,10,800,233,4.789699571,,29.1%,,,,,,,,,,,,,,,
779,no-visualization,800,8,10,800,245,5.106122449,,30.6%,,,,,,,,,,,,,,,
780,no-visualization,800,8,10,800,226,4.796460177,,28.3%,,,,,,,,,,,,,,,
781,no-visualization,800,9,10,800,226,5.5,,28.3%,28.8%,5.482962981,,,,,,,,,,,,,
782,no-visualization,800,9,10,800,218,5.614678899,,27.3%,,,,,,,,,,,,,,,
783,no-visualization,800,9,10,800,233,5.326180258,,29.1%,,,,,,,,,,,,,,,
784,no-visualization,800,9,10,800,239,5.40167364,,29.9%,,,,,,,,,,,,,,,
785,no-visualization,800,9,10,800,224,5.602678571,,28.0%,,,,,,,,,,,,,,,
786,no-visualization,800,9,10,800,242,5.454545455,,30.3%,,,,,,,,,,,,,,,
787,no-visualization,800,9,10,800,231,5.506493506,,28.9%,,,,,,,,,,,,,,,
788,no-visualization,800,9,10,800,210,5.785714286,,26.3%,,,,,,,,,,,,,,,
789,no-visualization,800,9,10,800,227,5.387665198,,28.4%,,,,,,,,,,,,,,,
790,no-visualization,800,9,10,800,256,5.25,,32.0%,,,,,,,,,,,,,,,
791,no-visualization,800,10,10,800,239,6.280334728,,29.9%,29.7%,6.179616783,,,,,,,,,,,,,
792,no-visualization,800,10,10,800,231,6.337662338,,28.9%,,,,,,,,,,,,,,,
793,no-visualization,800,10,10,800,238,6.147058824,,29.8%,,,,,,,,,,,,,,,
794,no-visualization,800,10,10,800,245,6.27755102,,30.6%,,,,,,,,,,,,,,,
795,no-visualization,800,10,10,800,246,5.951219512,,30.8%,,,,,,,,,,,,,,,
796,no-visualization,800,10,10,800,228,6.254385965,,28.5%,,,,,,,,,,,,,,,
797,no-visualization,800,10,10,800,247,6.125506073,,30.9%,,,,,,,,,,,,,,,
798,no-visualization,800,10,10,800,235,6.45106383,,29.4%,,,,,,,,,,,,,,,
799,no-visualization,800,10,10,800,249,6.096385542,,31.1%,,,,,,,,,,,,,,,
800,no-visualization,800,10,10,800,216,5.875,,27.0%,,,,,,,,,,,,,,,
801,no-visualization,900,1,10,800,195,1,,21.7%,20.5%,1,,,,,,,,,,,,,
802,no-visualization,900,1,10,800,200,1,,22.2%,,,,,,,,,,,,,,,
803,no-visualization,900,1,10,800,170,1,,18.9%,,,,,,,,,,,,,,,
804,no-visualization,900,1,10,800,178,1,,19.8%,,,,,,,,,,,,,,,
805,no-visualization,900,1,10,800,174,1,,19.3%,,,,,,,,,,,,,,,
806,no-visualization,900,1,10,800,184,1,,20.4%,,,,,,,,,,,,,,,
807,no-visualization,900,1,10,800,188,1,,20.9%,,,,,,,,,,,,,,,
808,no-visualization,900,1,10,800,187,1,,20.8%,,,,,,,,,,,,,,,
809,no-visualization,900,1,10,800,188,1,,20.9%,,,,,,,,,,,,,,,
810,no-visualization,900,1,10,800,179,1,,19.9%,,,,,,,,,,,,,,,
811,no-visualization,900,2,10,800,196,1.515306122,,21.8%,21.1%,1.511316607,,,,,,,,,,,,,
812,no-visualization,900,2,10,800,191,1.465968586,,21.2%,,,,,,,,,,,,,,,
813,no-visualization,900,2,10,800,183,1.508196721,,20.3%,,,,,,,,,,,,,,,
814,no-visualization,900,2,10,800,203,1.477832512,,22.6%,,,,,,,,,,,,,,,
815,no-visualization,900,2,10,800,197,1.538071066,,21.9%,,,,,,,,,,,,,,,
816,no-visualization,900,2,10,800,207,1.516908213,,23.0%,,,,,,,,,,,,,,,
817,no-visualization,900,2,10,800,199,1.532663317,,22.1%,,,,,,,,,,,,,,,
818,no-visualization,900,2,10,800,181,1.486187845,,20.1%,,,,,,,,,,,,,,,
819,no-visualization,900,2,10,800,159,1.547169811,,17.7%,,,,,,,,,,,,,,,
820,no-visualization,900,2,10,800,181,1.524861878,,20.1%,,,,,,,,,,,,,,,
821,no-visualization,900,3,10,800,190,1.952631579,,21.1%,22.6%,2.036504115,,,,,,,,,,,,,
822,no-visualization,900,3,10,800,208,2.019230769,,23.1%,,,,,,,,,,,,,,,
823,no-visualization,900,3,10,800,216,2.125,,24.0%,,,,,,,,,,,,,,,
824,no-visualization,900,3,10,800,186,2,,20.7%,,,,,,,,,,,,,,,
825,no-visualization,900,3,10,800,208,2.004807692,,23.1%,,,,,,,,,,,,,,,
826,no-visualization,900,3,10,800,209,1.971291866,,23.2%,,,,,,,,,,,,,,,
827,no-visualization,900,3,10,800,206,2.140776699,,22.9%,,,,,,,,,,,,,,,
828,no-visualization,900,3,10,800,198,2.080808081,,22.0%,,,,,,,,,,,,,,,
829,no-visualization,900,3,10,800,194,2.010309278,,21.6%,,,,,,,,,,,,,,,
830,no-visualization,900,3,10,800,216,2.060185185,,24.0%,,,,,,,,,,,,,,,
831,no-visualization,900,4,10,800,221,2.583710407,,24.6%,23.2%,2.607068702,,,,,,,,,,,,,
832,no-visualization,900,4,10,800,230,2.665217391,,25.6%,,,,,,,,,,,,,,,
833,no-visualization,900,4,10,800,212,2.702830189,,23.6%,,,,,,,,,,,,,,,
834,no-visualization,900,4,10,800,197,2.527918782,,21.9%,,,,,,,,,,,,,,,
835,no-visualization,900,4,10,800,203,2.630541872,,22.6%,,,,,,,,,,,,,,,
836,no-visualization,900,4,10,800,187,2.636363636,,20.8%,,,,,,,,,,,,,,,
837,no-visualization,900,4,10,800,206,2.660194175,,22.9%,,,,,,,,,,,,,,,
838,no-visualization,900,4,10,800,201,2.63681592,,22.3%,,,,,,,,,,,,,,,
839,no-visualization,900,4,10,800,227,2.400881057,,25.2%,,,,,,,,,,,,,,,
840,no-visualization,900,4,10,800,206,2.626213592,,22.9%,,,,,,,,,,,,,,,
841,no-visualization,900,5,10,800,241,3.232365145,,26.8%,24.4%,3.191538885,,,,,,,,,,,,,
842,no-visualization,900,5,10,800,212,3.202830189,,23.6%,,,,,,,,,,,,,,,
843,no-visualization,900,5,10,800,209,3.205741627,,23.2%,,,,,,,,,,,,,,,
844,no-visualization,900,5,10,800,232,3.038793103,,25.8%,,,,,,,,,,,,,,,
845,no-visualization,900,5,10,800,250,3.108,,27.8%,,,,,,,,,,,,,,,
846,no-visualization,900,5,10,800,199,3.16080402,,22.1%,,,,,,,,,,,,,,,
847,no-visualization,900,5,10,800,210,3.276190476,,23.3%,,,,,,,,,,,,,,,
848,no-visualization,900,5,10,800,215,3.269767442,,23.9%,,,,,,,,,,,,,,,
849,no-visualization,900,5,10,800,209,3.248803828,,23.2%,,,,,,,,,,,,,,,
850,no-visualization,900,5,10,800,215,3.172093023,,23.9%,,,,,,,,,,,,,,,
851,no-visualization,900,6,10,800,252,3.682539683,,28.0%,25.4%,3.764734958,,,,,,,,,,,,,
852,no-visualization,900,6,10,800,216,3.736111111,,24.0%,,,,,,,,,,,,,,,
853,no-visualization,900,6,10,800,239,3.765690377,,26.6%,,,,,,,,,,,,,,,
854,no-visualization,900,6,10,800,231,3.956709957,,25.7%,,,,,,,,,,,,,,,
855,no-visualization,900,6,10,800,225,3.702222222,,25.0%,,,,,,,,,,,,,,,
856,no-visualization,900,6,10,800,237,3.784810127,,26.3%,,,,,,,,,,,,,,,
857,no-visualization,900,6,10,800,222,3.882882883,,24.7%,,,,,,,,,,,,,,,
858,no-visualization,900,6,10,800,227,3.700440529,,25.2%,,,,,,,,,,,,,,,
859,no-visualization,900,6,10,800,224,3.808035714,,24.9%,,,,,,,,,,,,,,,
860,no-visualization,900,6,10,800,215,3.627906977,,23.9%,,,,,,,,,,,,,,,
861,no-visualization,900,7,10,800,232,4.495689655,,25.8%,26.4%,4.377393176,,,,,,,,,,,,,
862,no-visualization,900,7,10,800,248,4.245967742,,27.6%,,,,,,,,,,,,,,,
863,no-visualization,900,7,10,800,230,4.460869565,,25.6%,,,,,,,,,,,,,,,
864,no-visualization,900,7,10,800,236,4.411016949,,26.2%,,,,,,,,,,,,,,,
865,no-visualization,900,7,10,800,233,4.317596567,,25.9%,,,,,,,,,,,,,,,
866,no-visualization,900,7,10,800,264,4.306818182,,29.3%,,,,,,,,,,,,,,,
867,no-visualization,900,7,10,800,238,4.43697479,,26.4%,,,,,,,,,,,,,,,
868,no-visualization,900,7,10,800,229,4.371179039,,25.4%,,,,,,,,,,,,,,,
869,no-visualization,900,7,10,800,225,4.337777778,,25.0%,,,,,,,,,,,,,,,
870,no-visualization,900,7,10,800,241,4.390041494,,26.8%,,,,,,,,,,,,,,,
871,no-visualization,900,8,10,800,257,4.805447471,,28.6%,27.4%,4.812765767,,,,,,,,,,,,,
872,no-visualization,900,8,10,800,243,4.83127572,,27.0%,,,,,,,,,,,,,,,
873,no-visualization,900,8,10,800,249,4.823293173,,27.7%,,,,,,,,,,,,,,,
874,no-visualization,900,8,10,800,249,4.795180723,,27.7%,,,,,,,,,,,,,,,
875,no-visualization,900,8,10,800,266,4.890977444,,29.6%,,,,,,,,,,,,,,,
876,no-visualization,900,8,10,800,250,4.684,,27.8%,,,,,,,,,,,,,,,
877,no-visualization,900,8,10,800,239,4.887029289,,26.6%,,,,,,,,,,,,,,,
878,no-visualization,900,8,10,800,251,4.864541833,,27.9%,,,,,,,,,,,,,,,
879,no-visualization,900,8,10,800,239,4.694560669,,26.6%,,,,,,,,,,,,,,,
880,no-visualization,900,8,10,800,222,4.851351351,,24.7%,,,,,,,,,,,,,,,
881,no-visualization,900,9,10,800,254,5.653543307,,28.2%,29.6%,5.542240399,,,,,,,,,,,,,
882,no-visualization,900,9,10,800,263,5.551330798,,29.2%,,,,,,,,,,,,,,,
883,no-visualization,900,9,10,800,279,5.53046595,,31.0%,,,,,,,,,,,,,,,
884,no-visualization,900,9,10,800,251,5.585657371,,27.9%,,,,,,,,,,,,,,,
885,no-visualization,900,9,10,800,290,5.406896552,,32.2%,,,,,,,,,,,,,,,
886,no-visualization,900,9,10,800,275,5.578181818,,30.6%,,,,,,,,,,,,,,,
887,no-visualization,900,9,10,800,289,5.674740484,,32.1%,,,,,,,,,,,,,,,
888,no-visualization,900,9,10,800,255,5.384313725,,28.3%,,,,,,,,,,,,,,,
889,no-visualization,900,9,10,800,264,5.53030303,,29.3%,,,,,,,,,,,,,,,
890,no-visualization,900,9,10,800,241,5.526970954,,26.8%,,,,,,,,,,,,,,,
891,no-visualization,900,10,10,800,268,6.380597015,,29.8%,29.4%,6.169528959,,,,,,,,,,,,,
892,no-visualization,900,10,10,800,264,6.443181818,,29.3%,,,,,,,,,,,,,,,
893,no-visualization,900,10,10,800,287,5.829268293,,31.9%,,,,,,,,,,,,,,,
894,no-visualization,900,10,10,800,274,6.317518248,,30.4%,,,,,,,,,,,,,,,
895,no-visualization,900,10,10,800,261,5.812260536,,29.0%,,,,,,,,,,,,,,,
896,no-visualization,900,10,10,800,267,6.25093633,,29.7%,,,,,,,,,,,,,,,
897,no-visualization,900,10,10,800,282,6.262411348,,31.3%,,,,,,,,,,,,,,,
898,no-visualization,900,10,10,800,250,6.192,,27.8%,,,,,,,,,,,,,,,
899,no-visualization,900,10,10,800,236,6.296610169,,26.2%,,,,,,,,,,,,,,,
900,no-visualization,900,10,10,800,257,5.910505837,,28.6%,,,,,,,,,,,,,,,
901,no-visualization,1000,1,10,800,212,1,,21.2%,20.0%,1,,,,,,,,,,,,,
902,no-visualization,1000,1,10,800,204,1,,20.4%,,,,,,,,,,,,,,,
903,no-visualization,1000,1,10,800,182,1,,18.2%,,,,,,,,,,,,,,,
904,no-visualization,1000,1,10,800,177,1,,17.7%,,,,,,,,,,,,,,,
905,no-visualization,1000,1,10,800,206,1,,20.6%,,,,,,,,,,,,,,,
906,no-visualization,1000,1,10,800,209,1,,20.9%,,,,,,,,,,,,,,,
907,no-visualization,1000,1,10,800,201,1,,20.1%,,,,,,,,,,,,,,,
908,no-visualization,1000,1,10,800,200,1,,20.0%,,,,,,,,,,,,,,,
909,no-visualization,1000,1,10,800,218,1,,21.8%,,,,,,,,,,,,,,,
910,no-visualization,1000,1,10,800,189,1,,18.9%,,,,,,,,,,,,,,,
911,no-visualization,1000,2,10,800,222,1.522522523,,22.2%,21.2%,1.514921181,,,,,,,,,,,,,
912,no-visualization,1000,2,10,800,210,1.542857143,,21.0%,,,,,,,,,,,,,,,
913,no-visualization,1000,2,10,800,216,1.49537037,,21.6%,,,,,,,,,,,,,,,
914,no-visualization,1000,2,10,800,232,1.530172414,,23.2%,,,,,,,,,,,,,,,
915,no-visualization,1000,2,10,800,216,1.527777778,,21.6%,,,,,,,,,,,,,,,
916,no-visualization,1000,2,10,800,205,1.541463415,,20.5%,,,,,,,,,,,,,,,
917,no-visualization,1000,2,10,800,235,1.514893617,,23.5%,,,,,,,,,,,,,,,
918,no-visualization,1000,2,10,800,201,1.487562189,,20.1%,,,,,,,,,,,,,,,
919,no-visualization,1000,2,10,800,184,1.489130435,,18.4%,,,,,,,,,,,,,,,
920,no-visualization,1000,2,10,800,197,1.497461929,,19.7%,,,,,,,,,,,,,,,
921,no-visualization,1000,3,10,800,209,2.066985646,,20.9%,21.6%,2.094996583,,,,,,,,,,,,,
922,no-visualization,1000,3,10,800,210,2.152380952,,21.0%,,,,,,,,,,,,,,,
923,no-visualization,1000,3,10,800,216,2.046296296,,21.6%,,,,,,,,,,,,,,,
924,no-visualization,1000,3,10,800,223,2.130044843,,22.3%,,,,,,,,,,,,,,,
925,no-visualization,1000,3,10,800,207,1.980676329,,20.7%,,,,,,,,,,,,,,,
926,no-visualization,1000,3,10,800,216,2.023148148,,21.6%,,,,,,,,,,,,,,,
927,no-visualization,1000,3,10,800,204,2.151960784,,20.4%,,,,,,,,,,,,,,,
928,no-visualization,1000,3,10,800,227,2.171806167,,22.7%,,,,,,,,,,,,,,,
929,no-visualization,1000,3,10,800,225,2.151111111,,22.5%,,,,,,,,,,,,,,,
930,no-visualization,1000,3,10,800,225,2.075555556,,22.5%,,,,,,,,,,,,,,,
931,no-visualization,1000,4,10,800,221,2.538461538,,22.1%,22.5%,2.578711903,,,,,,,,,,,,,
932,no-visualization,1000,4,10,800,228,2.574561404,,22.8%,,,,,,,,,,,,,,,
933,no-visualization,1000,4,10,800,215,2.539534884,,21.5%,,,,,,,,,,,,,,,
934,no-visualization,1000,4,10,800,225,2.626666667,,22.5%,,,,,,,,,,,,,,,
935,no-visualization,1000,4,10,800,235,2.685106383,,23.5%,,,,,,,,,,,,,,,
936,no-visualization,1000,4,10,800,232,2.642241379,,23.2%,,,,,,,,,,,,,,,
937,no-visualization,1000,4,10,800,213,2.568075117,,21.3%,,,,,,,,,,,,,,,
938,no-visualization,1000,4,10,800,245,2.534693878,,24.5%,,,,,,,,,,,,,,,
939,no-visualization,1000,4,10,800,225,2.577777778,,22.5%,,,,,,,,,,,,,,,
940,no-visualization,1000,4,10,800,212,2.5,,21.2%,,,,,,,,,,,,,,,
941,no-visualization,1000,5,10,800,245,3.26122449,,24.5%,23.6%,3.19098607,,,,,,,,,,,,,
942,no-visualization,1000,5,10,800,247,3.20242915,,24.7%,,,,,,,,,,,,,,,
943,no-visualization,1000,5,10,800,241,3.132780083,,24.1%,,,,,,,,,,,,,,,
944,no-visualization,1000,5,10,800,220,3.195454545,,22.0%,,,,,,,,,,,,,,,
945,no-visualization,1000,5,10,800,224,3.232142857,,22.4%,,,,,,,,,,,,,,,
946,no-visualization,1000,5,10,800,243,3.069958848,,24.3%,,,,,,,,,,,,,,,
947,no-visualization,1000,5,10,800,230,3.247826087,,23.0%,,,,,,,,,,,,,,,
948,no-visualization,1000,5,10,800,233,3.206008584,,23.3%,,,,,,,,,,,,,,,
949,no-visualization,1000,5,10,800,246,3.170731707,,24.6%,,,,,,,,,,,,,,,
950,no-visualization,1000,5,10,800,230,3.191304348,,23.0%,,,,,,,,,,,,,,,
951,no-visualization,1000,6,10,800,266,3.819548872,,26.6%,26.1%,3.78028483,,,,,,,,,,,,,
952,no-visualization,1000,6,10,800,250,3.696,,25.0%,,,,,,,,,,,,,,,
953,no-visualization,1000,6,10,800,265,3.777358491,,26.5%,,,,,,,,,,,,,,,
954,no-visualization,1000,6,10,800,273,3.593406593,,27.3%,,,,,,,,,,,,,,,
955,no-visualization,1000,6,10,800,243,3.991769547,,24.3%,,,,,,,,,,,,,,,
956,no-visualization,1000,6,10,800,247,3.829959514,,24.7%,,,,,,,,,,,,,,,
957,no-visualization,1000,6,10,800,275,3.872727273,,27.5%,,,,,,,,,,,,,,,
958,no-visualization,1000,6,10,800,274,3.726277372,,27.4%,,,,,,,,,,,,,,,
959,no-visualization,1000,6,10,800,243,3.62962963,,24.3%,,,,,,,,,,,,,,,
960,no-visualization,1000,6,10,800,269,3.866171004,,26.9%,,,,,,,,,,,,,,,
961,no-visualization,1000,7,10,800,269,4.360594796,,26.9%,27.0%,4.410585476,,,,,,,,,,,,,
962,no-visualization,1000,7,10,800,283,4.212014134,,28.3%,,,,,,,,,,,,,,,
963,no-visualization,1000,7,10,800,282,4.567375887,,28.2%,,,,,,,,,,,,,,,
964,no-visualization,1000,7,10,800,271,4.479704797,,27.1%,,,,,,,,,,,,,,,
965,no-visualization,1000,7,10,800,266,4.432330827,,26.6%,,,,,,,,,,,,,,,
966,no-visualization,1000,7,10,800,258,4.403100775,,25.8%,,,,,,,,,,,,,,,
967,no-visualization,1000,7,10,800,269,4.338289963,,26.9%,,,,,,,,,,,,,,,
968,no-visualization,1000,7,10,800,269,4.468401487,,26.9%,,,,,,,,,,,,,,,
969,no-visualization,1000,7,10,800,271,4.291512915,,27.1%,,,,,,,,,,,,,,,
970,no-visualization,1000,7,10,800,257,4.552529183,,25.7%,,,,,,,,,,,,,,,
971,no-visualization,1000,8,10,800,256,5.06640625,,25.6%,27.0%,4.945097021,,,,,,,,,,,,,
972,no-visualization,1000,8,10,800,259,4.725868726,,25.9%,,,,,,,,,,,,,,,
973,no-visualization,1000,8,10,800,276,5.025362319,,27.6%,,,,,,,,,,,,,,,
974,no-visualization,1000,8,10,800,267,5,,26.7%,,,,,,,,,,,,,,,
975,no-visualization,1000,8,10,800,268,5.055970149,,26.8%,,,,,,,,,,,,,,,
976,no-visualization,1000,8,10,800,264,4.867424242,,26.4%,,,,,,,,,,,,,,,
977,no-visualization,1000,8,10,800,265,5.022641509,,26.5%,,,,,,,,,,,,,,,
978,no-visualization,1000,8,10,800,272,4.893382353,,27.2%,,,,,,,,,,,,,,,
979,no-visualization,1000,8,10,800,294,4.87755102,,29.4%,,,,,,,,,,,,,,,
980,no-visualization,1000,8,10,800,275,4.916363636,,27.5%,,,,,,,,,,,,,,,
981,no-visualization,1000,9,10,800,305,5.760655738,,30.5%,28.9%,5.542968848,,,,,,,,,,,,,
982,no-visualization,1000,9,10,800,301,5.511627907,,30.1%,,,,,,,,,,,,,,,
983,no-visualization,1000,9,10,800,292,5.469178082,,29.2%,,,,,,,,,,,,,,,
984,no-visualization,1000,9,10,800,270,5.574074074,,27.0%,,,,,,,,,,,,,,,
985,no-visualization,1000,9,10,800,315,5.285714286,,31.5%,,,,,,,,,,,,,,,
986,no-visualization,1000,9,10,800,276,5.775362319,,27.6%,,,,,,,,,,,,,,,
987,no-visualization,1000,9,10,800,271,5.354243542,,27.1%,,,,,,,,,,,,,,,
988,no-visualization,1000,9,10,800,301,5.514950166,,30.1%,,,,,,,,,,,,,,,
989,no-visualization,1000,9,10,800,278,5.629496403,,27.8%,,,,,,,,,,,,,,,
990,no-visualization,1000,9,10,800,285,5.554385965,,28.5%,,,,,,,,,,,,,,,
991,no-visualization,1000,10,10,800,306,6.369281046,,30.6%,29.4%,6.157218532,,,,,,,,,,,,,
992,no-visualization,1000,10,10,800,282,5.946808511,,28.2%,,,,,,,,,,,,,,,
993,no-visualization,1000,10,10,800,296,6.165540541,,29.6%,,,,,,,,,,,,,,,
994,no-visualization,1000,10,10,800,308,6.220779221,,30.8%,,,,,,,,,,,,,,,
995,no-visualization,1000,10,10,800,312,5.983974359,,31.2%,,,,,,,,,,,,,,,
996,no-visualization,1000,10,10,800,291,6.549828179,,29.1%,,,,,,,,,,,,,,,
997,no-visualization,1000,10,10,800,303,5.884488449,,30.3%,,,,,,,,,,,,,,,
998,no-visualization,1000,10,10,800,283,6.042402827,,28.3%,,,,,,,,,,,,,,,
999,no-visualization,1000,10,10,800,295,5.986440678,,29.5%,,,,,,,,,,,,,,,
1000,no-visualization,1000,10,10,800,265,6.422641509,,26.5%,,,,,,,,,,,,,,,
,,,,,,,,,,,,,,,,,,,,,,,,
,,,,,,,,,,,,,,,,,,,,,,,,
,,,,,,,,,,,,,,,,,,,,,,,,
,,,,,,,,,,,,,,,,,,,,,,,,
,,,,,,,,,,,,,,,,,,,,,,,,
,,,,,,,,,,,,,,,,,,,,,,,,
,,,,,,,,,,,,,,,,,,,,,,,,
,,,,,,,,,,,,,,,,,,,,,,,,
,,,,,,,,,,,,,,,,,,,,,,,,
,,,,,,,,,,,,,,,,,,,,,,,,
,,,,,,,,,,,0,,,,,,,,,,,,,
,,,,,,,,,,,,,,,,,,,,,,,,
,,,,,,,,,,,,,,,,,,,,,,,,
,,,,,,,,,,,,,,,,,,,,,,,,
,,,,,,,,,,,,,,,,,,,,,,,,
,,,,,,,,,,,,,,,,,,,,,,,,
,,,,,,,,,,,,,,,,,,,,,,,,
,,,,,,,,,,,,,,,,,,,,,,,,
,,,,,,,,,,,,,,,,,,,,,,,,
,,,,,,,,,,,,,,,,,,,,,,,,
,,,,,,,,,,,0,,,,,,,,,,,,,
,,,,,,,,,,,,,,,,,,,,,,,,
,,,,,,,,,,,,,,,,,,,,,,,,
,,,,,,,,,,,,,,,,,,,,,,,,
,,,,,,,,,,,,,,,,,,,,,,,,
,,,,,,,,,,,,,,,,,,,,,,,,
,,,,,,,,,,,,,,,,,,,,,,,,
,,,,,,,,,,,,,,,,,,,,,,,,
,,,,,,,,,,,,,,,,,,,,,,,,
,,,,,,,,,,,,,,,,,,,,,,,,
,,,,,,,,,,,0,,,,,,,,,,,,,
,,,,,,,,,,,,,,,,,,,,,,,,
,,,,,,,,,,,,,,,,,,,,,,,,
,,,,,,,,,,,,,,,,,,,,,,,,
,,,,,,,,,,,,,,,,,,,,,,,,
,,,,,,,,,,,,,,,,,,,,,,,,
,,,,,,,,,,,,,,,,,,,,,,,,
,,,,,,,,,,,,,,,,,,,,,,,,
,,,,,,,,,,,,,,,,,,,,,,,,
,,,,,,,,,,,,,,,,,,,,,,,,
,,,,,,,,,,,0,,,,,,,,,,,,,
,,,,,,,,,,,,,,,,,,,,,,,,
,,,,,,,,,,,,,,,,,,,,,,,,
,,,,,,,,,,,,,,,,,,,,,,,,
,,,,,,,,,,,,,,,,,,,,,,,,
,,,,,,,,,,,,,,,,,,,,,,,,
,,,,,,,,,,,,,,,,,,,,,,,,
,,,,,,,,,,,,,,,,,,,,,,,,
,,,,,,,,,,,,,,,,,,,,,,,,
,,,,,,,,,,,,,,,,,,,,,,,,
,,,,,,,,,,,0,,,,,,,,,,,,,
,,,,,,,,,,,,,,,,,,,,,,,,
,,,,,,,,,,,,,,,,,,,,,,,,
,,,,,,,,,,,,,,,,,,,,,,,,
,,,,,,,,,,,,,,,,,,,,,,,,
,,,,,,,,,,,,,,,,,,,,,,,,
,,,,,,,,,,,,,,,,,,,,,,,,
,,,,,,,,,,,,,,,,,,,,,,,,
,,,,,,,,,,,,,,,,,,,,,,,,
,,,,,,,,,,,,,,,,,,,,,,,,
,,,,,,,,,,,0,,,,,,,,,,,,,
,,,,,,,,,,,,,,,,,,,,,,,,
,,,,,,,,,,,,,,,,,,,,,,,,
,,,,,,,,,,,,,,,,,,,,,,,,
,,,,,,,,,,,,,,,,,,,,,,,,
,,,,,,,,,,,,,,,,,,,,,,,,
,,,,,,,,,,,,,,,,,,,,,,,,
,,,,,,,,,,,,,,,,,,,,,,,,
,,,,,,,,,,,,,,,,,,,,,,,,
,,,,,,,,,,,,,,,,,,,,,,,,
,,,,,,,,,,,0,,,,,,,,,,,,,
,,,,,,,,,,,,,,,,,,,,,,,,
,,,,,,,,,,,,,,,,,,,,,,,,
,,,,,,,,,,,,,,,,,,,,,,,,
,,,,,,,,,,,,,,,,,,,,,,,,
,,,,,,,,,,,,,,,,,,,,,,,,
,,,,,,,,,,,,,,,,,,,,,,,,
,,,,,,,,,,,,,,,,,,,,,,,,
,,,,,,,,,,,,,,,,,,,,,,,,
,,,,,,,,,,,,,,,,,,,,,,,,
,,,,,,,,,,,0,,,,,,,,,,,,,
,,,,,,,,,,,,,,,,,,,,,,,,
,,,,,,,,,,,,,,,,,,,,,,,,
,,,,,,,,,,,,,,,,,,,,,,,,
,,,,,,,,,,,,,,,,,,,,,,,,
,,,,,,,,,,,,,,,,,,,,,,,,
,,,,,,,,,,,,,,,,,,,,,,,,
,,,,,,,,,,,,,,,,,,,,,,,,
,,,,,,,,,,,,,,,,,,,,,,,,
,,,,,,,,,,,,,,,,,,,,,,,,
,,,,,,,,,,,0,,,,,,,,,,,,,
,,,,,,,,,,,,,,,,,,,,,,,,
,,,,,,,,,,,,,,,,,,,,,,,,
,,,,,,,,,,,,,,,,,,,,,,,,
,,,,,,,,,,,,,,,,,,,,,,,,
,,,,,,,,,,,,,,,,,,,,,,,,
,,,,,,,,,,,,,,,,,,,,,,,,
,,,,,,,,,,,,,,,,,,,,,,,,
,,,,,,,,,,,,,,,,,,,,,,,,
,,,,,,,,,,,,,,,,,,,,,,,,
,,,,,,,,,,,0,,,,,,,,,,,,,
,,,,,,,,,,,,,,,,,,,,,,,,
,,,,,,,,,,,,,,,,,,,,,,,,
,,,,,,,,,,,,,,,,,,,,,,,,
,,,,,,,,,,,,,,,,,,,,,,,,
,,,,,,,,,,,,,,,,,,,,,,,,
,,,,,,,,,,,,,,,,,,,,,,,,
,,,,,,,,,,,,,,,,,,,,,,,,
,,,,,,,,,,,,,,,,,,,,,,,,
,,,,,,,,,,,,,,,,,,,,,,,,
,,,,,,,,,,,0,,,,,,,,,,,,,
,,,,,,,,,,,,,,,,,,,,,,,,
,,,,,,,,,,,,,,,,,,,,,,,,
,,,,,,,,,,,,,,,,,,,,,,,,
,,,,,,,,,,,,,,,,,,,,,,,,
,,,,,,,,,,,,,,,,,,,,,,,,
,,,,,,,,,,,,,,,,,,,,,,,,
,,,,,,,,,,,,,,,,,,,,,,,,
,,,,,,,,,,,,,,,,,,,,,,,,
,,,,,,,,,,,,,,,,,,,,,,,,
,,,,,,,,,,,0,,,,,,,,,,,,,
,,,,,,,,,,,,,,,,,,,,,,,,
,,,,,,,,,,,,,,,,,,,,,,,,
,,,,,,,,,,,,,,,,,,,,,,,,
,,,,,,,,,,,,,,,,,,,,,,,,
,,,,,,,,,,,,,,,,,,,,,,,,
,,,,,,,,,,,,,,,,,,,,,,,,
,,,,,,,,,,,,,,,,,,,,,,,,
,,,,,,,,,,,,,,,,,,,,,,,,
,,,,,,,,,,,,,,,,,,,,,,,,
,,,,,,,,,,,0,,,,,,,,,,,,,
,,,,,,,,,,,,,,,,,,,,,,,,
,,,,,,,,,,,,,,,,,,,,,,,,
,,,,,,,,,,,,,,,,,,,,,,,,
,,,,,,,,,,,,,,,,,,,,,,,,
,,,,,,,,,,,,,,,,,,,,,,,,
,,,,,,,,,,,,,,,,,,,,,,,,
,,,,,,,,,,,,,,,,,,,,,,,,
,,,,,,,,,,,,,,,,,,,,,,,,
,,,,,,,,,,,,,,,,,,,,,,,,
,,,,,,,,,,,0,,,,,,,,,,,,,
,,,,,,,,,,,,,,,,,,,,,,,,
,,,,,,,,,,,,,,,,,,,,,,,,
,,,,,,,,,,,,,,,,,,,,,,,,
,,,,,,,,,,,,,,,,,,,,,,,,
,,,,,,,,,,,,,,,,,,,,,,,,
,,,,,,,,,,,,,,,,,,,,,,,,
,,,,,,,,,,,,,,,,,,,,,,,,
,,,,,,,,,,,,,,,,,,,,,,,,
,,,,,,,,,,,,,,,,,,,,,,,,
,,,,,,,,,,,0,,,,,,,,,,,,,
,,,,,,,,,,,,,,,,,,,,,,,,
,,,,,,,,,,,,,,,,,,,,,,,,
,,,,,,,,,,,,,,,,,,,,,,,,
,,,,,,,,,,,,,,,,,,,,,,,,
,,,,,,,,,,,,,,,,,,,,,,,,
,,,,,,,,,,,,,,,,,,,,,,,,
,,,,,,,,,,,,,,,,,,,,,,,,
,,,,,,,,,,,,,,,,,,,,,,,,
,,,,,,,,,,,,,,,,,,,,,,,,
,,,,,,,,,,,0,,,,,,,,,,,,,
,,,,,,,,,,,,,,,,,,,,,,,,
,,,,,,,,,,,,,,,,,,,,,,,,
,,,,,,,,,,,,,,,,,,,,,,,,
,,,,,,,,,,,,,,,,,,,,,,,,
,,,,,,,,,,,,,,,,,,,,,,,,
,,,,,,,,,,,,,,,,,,,,,,,,
,,,,,,,,,,,,,,,,,,,,,,,,
,,,,,,,,,,,,,,,,,,,,,,,,
,,,,,,,,,,,,,,,,,,,,,,,,
,,,,,,,,,,,0,,,,,,,,,,,,,
,,,,,,,,,,,,,,,,,,,,,,,,
,,,,,,,,,,,,,,,,,,,,,,,,
,,,,,,,,,,,,,,,,,,,,,,,,
,,,,,,,,,,,,,,,,,,,,,,,,
,,,,,,,,,,,,,,,,,,,,,,,,
,,,,,,,,,,,,,,,,,,,,,,,,
,,,,,,,,,,,,,,,,,,,,,,,,
,,,,,,,,,,,,,,,,,,,,,,,,
,,,,,,,,,,,,,,,,,,,,,,,,
,,,,,,,,,,,0,,,,,,,,,,,,,
,,,,,,,,,,,,,,,,,,,,,,,,
,,,,,,,,,,,,,,,,,,,,,,,,
,,,,,,,,,,,,,,,,,,,,,,,,
,,,,,,,,,,,,,,,,,,,,,,,,
,,,,,,,,,,,,,,,,,,,,,,,,
,,,,,,,,,,,,,,,,,,,,,,,,
,,,,,,,,,,,,,,,,,,,,,,,,
,,,,,,,,,,,,,,,,,,,,,,,,
,,,,,,,,,,,,,,,,,,,,,,,,
,,,,,,,,,,,0,,,,,,,,,,,,,