BehaviorSpace results (NetLogo 6.2.2),,,,,,,,,,,,,,,,,,,,,,
Sugarscape 1 demo.nlogo,,,,,,,,,,,,,,,,,,,,,,
metabolism,,,,,,,,,,,,,,,,,,,,,,
02/17/2022 17:36:44:177 +0800,,,,,,,,,,,,,,,,,,,,,,
min-pxcor,max-pxcor,min-pycor,max-pycor,,,,,,,,,,,,,,,,,,,
0,49,0,49,,,,,,,,,,,,,,,,,,,
[run number],visualization,initial-population,max-metabolism,max-vision,[step],count turtles,,rate-of-survival,mean-rate-of-survival,,,,,,,,,,,,,
1,no-visualization,100,1,6,1000,94,,94.0%,93.7%,,,,,,,,,,,,,
2,no-visualization,100,1,6,1000,95,,95.0%,,,,,,,,,,,,,,
3,no-visualization,100,1,6,1000,92,,92.0%,,,,,,,,,,,,,,
4,no-visualization,100,1,6,1000,90,,90.0%,,,,,,,,,,,,,,
5,no-visualization,100,1,6,1000,88,,88.0%,,,,,initial population,,,,,,,,,
6,no-visualization,100,1,6,1000,97,,97.0%,,,,,100,200,300,400,500,600,700,800,900,1000
7,no-visualization,100,1,6,1000,93,,93.0%,,,,1,93.7%,94.4%,93.8%,94.2%,93.6%,92.8%,93.2%,92.8%,92.9%,92.9%
8,no-visualization,100,1,6,1000,97,,97.0%,,,,2,88.1%,88.1%,86.7%,86.9%,87.2%,86.6%,86.5%,86.0%,85.5%,85.7%
9,no-visualization,100,1,6,1000,96,,96.0%,,,,3,76.3%,76.7%,76.3%,75.5%,74.9%,75.6%,74.4%,74.4%,73.4%,73.2%
10,no-visualization,100,1,6,1000,95,,95.0%,,,,4,63.1%,64.0%,64.3%,63.0%,62.6%,61.0%,61.3%,60.8%,60.0%,59.0%
11,no-visualization,100,2,6,1000,90,,90.0%,88.1%,,,5,50.6%,49.1%,50.4%,51.7%,50.7%,49.5%,49.9%,49.5%,48.3%,49.3%
12,no-visualization,100,2,6,1000,86,,86.0%,,,,6,45.9%,42.4%,41.8%,43.2%,40.9%,40.8%,42.8%,40.4%,40.7%,40.8%
13,no-visualization,100,2,6,1000,89,,89.0%,,,,7,38.4%,37.6%,35.7%,37.2%,36.1%,36.0%,35.6%,36.7%,35.8%,36.1%
14,no-visualization,100,2,6,1000,84,,84.0%,,,,8,32.2%,31.2%,32.2%,31.2%,30.9%,31.9%,31.9%,31.1%,31.5%,31.4%
15,no-visualization,100,2,6,1000,88,,88.0%,,,,9,28.7%,26.8%,28.0%,27.5%,29.0%,28.7%,28.7%,28.5%,27.7%,27.9%
16,no-visualization,100,2,6,1000,90,,90.0%,,,,10,25.4%,25.5%,26.3%,26.8%,26.0%,25.6%,25.2%,25.1%,24.8%,24.9%
17,no-visualization,100,2,6,1000,92,,92.0%,,,,,,,,,,,,,,
18,no-visualization,100,2,6,1000,89,,89.0%,,,,,,,,,,,,,,
19,no-visualization,100,2,6,1000,86,,86.0%,,,,,,,,,,,,,,
20,no-visualization,100,2,6,1000,87,,87.0%,,,,,,,,,,,,,,
21,no-visualization,100,3,6,1000,72,,72.0%,76.3%,,,,,,,,,,,,,
22,no-visualization,100,3,6,1000,79,,79.0%,,,,,,,,,,,,,,
23,no-visualization,100,3,6,1000,75,,75.0%,,,,,,,,,,,,,,
24,no-visualization,100,3,6,1000,76,,76.0%,,,,,,,,,,,,,,
25,no-visualization,100,3,6,1000,78,,78.0%,,,,,,,,,,,,,,
26,no-visualization,100,3,6,1000,76,,76.0%,,,,,,,,,,,,,,
27,no-visualization,100,3,6,1000,78,,78.0%,,,,,,,,,,,,,,
28,no-visualization,100,3,6,1000,77,,77.0%,,,,,,,,,,,,,,
29,no-visualization,100,3,6,1000,71,,71.0%,,,,,,,,,,,,,,
30,no-visualization,100,3,6,1000,81,,81.0%,,,,,,,,,,,,,,
31,no-visualization,100,4,6,1000,63,,63.0%,63.1%,,,,,,,,,,,,,
32,no-visualization,100,4,6,1000,67,,67.0%,,,,,,,,,,,,,,
33,no-visualization,100,4,6,1000,54,,54.0%,,,,,,,,,,,,,,
34,no-visualization,100,4,6,1000,66,,66.0%,,,,,,,,,,,,,,
35,no-visualization,100,4,6,1000,57,,57.0%,,,,,,,,,,,,,,
36,no-visualization,100,4,6,1000,63,,63.0%,,,,,,,,,,,,,,
37,no-visualization,100,4,6,1000,70,,70.0%,,,,,,,,,,,,,,
38,no-visualization,100,4,6,1000,65,,65.0%,,,,,,,,,,,,,,
39,no-visualization,100,4,6,1000,60,,60.0%,,,,,,,,,,,,,,
40,no-visualization,100,4,6,1000,66,,66.0%,,,,,,,,,,,,,,
41,no-visualization,100,5,6,1000,51,,51.0%,50.6%,,,,,,,,,,,,,
42,no-visualization,100,5,6,1000,49,,49.0%,,,,,,,,,,,,,,
43,no-visualization,100,5,6,1000,41,,41.0%,,,,,,,,,,,,,,
44,no-visualization,100,5,6,1000,47,,47.0%,,,,,,,,,,,,,,
45,no-visualization,100,5,6,1000,62,,62.0%,,,,,,,,,,,,,,
46,no-visualization,100,5,6,1000,51,,51.0%,,,,,,,,,,,,,,
47,no-visualization,100,5,6,1000,50,,50.0%,,,,,,,,,,,,,,
48,no-visualization,100,5,6,1000,55,,55.0%,,,,,,,,,,,,,,
49,no-visualization,100,5,6,1000,49,,49.0%,,,,,,,,,,,,,,
50,no-visualization,100,5,6,1000,51,,51.0%,,,,,,,,,,,,,,
51,no-visualization,100,6,6,1000,43,,43.0%,45.9%,,,,,,,,,,,,,
52,no-visualization,100,6,6,1000,45,,45.0%,,,,,,,,,,,,,,
53,no-visualization,100,6,6,1000,40,,40.0%,,,,,,,,,,,,,,
54,no-visualization,100,6,6,1000,40,,40.0%,,,,,,,,,,,,,,
55,no-visualization,100,6,6,1000,46,,46.0%,,,,,,,,,,,,,,
56,no-visualization,100,6,6,1000,49,,49.0%,,,,,,,,,,,,,,
57,no-visualization,100,6,6,1000,51,,51.0%,,,,,,,,,,,,,,
58,no-visualization,100,6,6,1000,50,,50.0%,,,,,,,,,,,,,,
59,no-visualization,100,6,6,1000,49,,49.0%,,,,,,,,,,,,,,
60,no-visualization,100,6,6,1000,46,,46.0%,,,,,,,,,,,,,,
61,no-visualization,100,7,6,1000,36,,36.0%,38.4%,,,,,,,,,,,,,
62,no-visualization,100,7,6,1000,41,,41.0%,,,,,,,,,,,,,,
63,no-visualization,100,7,6,1000,39,,39.0%,,,,,,,,,,,,,,
64,no-visualization,100,7,6,1000,33,,33.0%,,,,,,,,,,,,,,
65,no-visualization,100,7,6,1000,38,,38.0%,,,,,,,,,,,,,,
66,no-visualization,100,7,6,1000,29,,29.0%,,,,,,,,,,,,,,
67,no-visualization,100,7,6,1000,44,,44.0%,,,,,,,,,,,,,,
68,no-visualization,100,7,6,1000,42,,42.0%,,,,,,,,,,,,,,
69,no-visualization,100,7,6,1000,42,,42.0%,,,,,,,,,,,,,,
70,no-visualization,100,7,6,1000,40,,40.0%,,,,,,,,,,,,,,
71,no-visualization,100,8,6,1000,29,,29.0%,32.2%,,,,,,,,,,,,,
72,no-visualization,100,8,6,1000,28,,28.0%,,,,,,,,,,,,,,
73,no-visualization,100,8,6,1000,34,,34.0%,,,,,,,,,,,,,,
74,no-visualization,100,8,6,1000,35,,35.0%,,,,,,,,,,,,,,
75,no-visualization,100,8,6,1000,31,,31.0%,,,,,,,,,,,,,,
76,no-visualization,100,8,6,1000,38,,38.0%,,,,,,,,,,,,,,
77,no-visualization,100,8,6,1000,28,,28.0%,,,,,,,,,,,,,,
78,no-visualization,100,8,6,1000,34,,34.0%,,,,,,,,,,,,,,
79,no-visualization,100,8,6,1000,31,,31.0%,,,,,,,,,,,,,,
80,no-visualization,100,8,6,1000,34,,34.0%,,,,,,,,,,,,,,
81,no-visualization,100,9,6,1000,27,,27.0%,28.7%,,,,,,,,,,,,,
82,no-visualization,100,9,6,1000,25,,25.0%,,,,,,,,,,,,,,
83,no-visualization,100,9,6,1000,40,,40.0%,,,,,,,,,,,,,,
84,no-visualization,100,9,6,1000,21,,21.0%,,,,,,,,,,,,,,
85,no-visualization,100,9,6,1000,27,,27.0%,,,,,,,,,,,,,,
86,no-visualization,100,9,6,1000,32,,32.0%,,,,,,,,,,,,,,
87,no-visualization,100,9,6,1000,20,,20.0%,,,,,,,,,,,,,,
88,no-visualization,100,9,6,1000,36,,36.0%,,,,,,,,,,,,,,
89,no-visualization,100,9,6,1000,31,,31.0%,,,,,,,,,,,,,,
90,no-visualization,100,9,6,1000,28,,28.0%,,,,,,,,,,,,,,
91,no-visualization,100,10,6,1000,23,,23.0%,25.4%,,,,,,,,,,,,,
92,no-visualization,100,10,6,1000,26,,26.0%,,,,,,,,,,,,,,
93,no-visualization,100,10,6,1000,28,,28.0%,,,,,,,,,,,,,,
94,no-visualization,100,10,6,1000,27,,27.0%,,,,,,,,,,,,,,
95,no-visualization,100,10,6,1000,21,,21.0%,,,,,,,,,,,,,,
96,no-visualization,100,10,6,1000,24,,24.0%,,,,,,,,,,,,,,
97,no-visualization,100,10,6,1000,31,,31.0%,,,,,,,,,,,,,,
98,no-visualization,100,10,6,1000,19,,19.0%,,,,,,,,,,,,,,
99,no-visualization,100,10,6,1000,31,,31.0%,,,,,,,,,,,,,,
100,no-visualization,100,10,6,1000,24,,24.0%,,,,,,,,,,,,,,
101,no-visualization,200,1,6,1000,185,,92.5%,94.4%,,,,,,,,,,,,,
102,no-visualization,200,1,6,1000,189,,94.5%,,,,,,,,,,,,,,
103,no-visualization,200,1,6,1000,188,,94.0%,,,,,,,,,,,,,,
104,no-visualization,200,1,6,1000,194,,97.0%,,,,,,,,,,,,,,
105,no-visualization,200,1,6,1000,191,,95.5%,,,,,,,,,,,,,,
106,no-visualization,200,1,6,1000,186,,93.0%,,,,,,,,,,,,,,
107,no-visualization,200,1,6,1000,186,,93.0%,,,,,,,,,,,,,,
108,no-visualization,200,1,6,1000,184,,92.0%,,,,,,,,,,,,,,
109,no-visualization,200,1,6,1000,189,,94.5%,,,,,,,,,,,,,,
110,no-visualization,200,1,6,1000,195,,97.5%,,,,,,,,,,,,,,
111,no-visualization,200,2,6,1000,173,,86.5%,88.1%,,,,,,,,,,,,,
112,no-visualization,200,2,6,1000,177,,88.5%,,,,,,,,,,,,,,
113,no-visualization,200,2,6,1000,178,,89.0%,,,,,,,,,,,,,,
114,no-visualization,200,2,6,1000,177,,88.5%,,,,,,,,,,,,,,
115,no-visualization,200,2,6,1000,181,,90.5%,,,,,,,,,,,,,,
116,no-visualization,200,2,6,1000,167,,83.5%,,,,,,,,,,,,,,
117,no-visualization,200,2,6,1000,171,,85.5%,,,,,,,,,,,,,,
118,no-visualization,200,2,6,1000,177,,88.5%,,,,,,,,,,,,,,
119,no-visualization,200,2,6,1000,182,,91.0%,,,,,,,,,,,,,,
120,no-visualization,200,2,6,1000,179,,89.5%,,,,,,,,,,,,,,
121,no-visualization,200,3,6,1000,156,,78.0%,76.7%,,,,,,,,,,,,,
122,no-visualization,200,3,6,1000,149,,74.5%,,,,,,,,,,,,,,
123,no-visualization,200,3,6,1000,159,,79.5%,,,,,,,,,,,,,,
124,no-visualization,200,3,6,1000,153,,76.5%,,,,,,,,,,,,,,
125,no-visualization,200,3,6,1000,151,,75.5%,,,,,,,,,,,,,,
126,no-visualization,200,3,6,1000,151,,75.5%,,,,,,,,,,,,,,
127,no-visualization,200,3,6,1000,158,,79.0%,,,,,,,,,,,,,,
128,no-visualization,200,3,6,1000,159,,79.5%,,,,,,,,,,,,,,
129,no-visualization,200,3,6,1000,157,,78.5%,,,,,,,,,,,,,,
130,no-visualization,200,3,6,1000,141,,70.5%,,,,,,,,,,,,,,
131,no-visualization,200,4,6,1000,129,,64.5%,64.0%,,,,,,,,,,,,,
132,no-visualization,200,4,6,1000,133,,66.5%,,,,,,,,,,,,,,
133,no-visualization,200,4,6,1000,124,,62.0%,,,,,,,,,,,,,,
134,no-visualization,200,4,6,1000,127,,63.5%,,,,,,,,,,,,,,
135,no-visualization,200,4,6,1000,129,,64.5%,,,,,,,,,,,,,,
136,no-visualization,200,4,6,1000,124,,62.0%,,,,,,,,,,,,,,
137,no-visualization,200,4,6,1000,127,,63.5%,,,,,,,,,,,,,,
138,no-visualization,200,4,6,1000,125,,62.5%,,,,,,,,,,,,,,
139,no-visualization,200,4,6,1000,133,,66.5%,,,,,,,,,,,,,,
140,no-visualization,200,4,6,1000,128,,64.0%,,,,,,,,,,,,,,
141,no-visualization,200,5,6,1000,102,,51.0%,49.1%,,,,,,,,,,,,,
142,no-visualization,200,5,6,1000,96,,48.0%,,,,,,,,,,,,,,
143,no-visualization,200,5,6,1000,113,,56.5%,,,,,,,,,,,,,,
144,no-visualization,200,5,6,1000,97,,48.5%,,,,,,,,,,,,,,
145,no-visualization,200,5,6,1000,94,,47.0%,,,,,,,,,,,,,,
146,no-visualization,200,5,6,1000,90,,45.0%,,,,,,,,,,,,,,
147,no-visualization,200,5,6,1000,108,,54.0%,,,,,,,,,,,,,,
148,no-visualization,200,5,6,1000,97,,48.5%,,,,,,,,,,,,,,
149,no-visualization,200,5,6,1000,91,,45.5%,,,,,,,,,,,,,,
150,no-visualization,200,5,6,1000,93,,46.5%,,,,,,,,,,,,,,
151,no-visualization,200,6,6,1000,86,,43.0%,42.4%,,,,,,,,,,,,,
152,no-visualization,200,6,6,1000,85,,42.5%,,,,,,,,,,,,,,
153,no-visualization,200,6,6,1000,88,,44.0%,,,,,,,,,,,,,,
154,no-visualization,200,6,6,1000,81,,40.5%,,,,,,,,,,,,,,
155,no-visualization,200,6,6,1000,89,,44.5%,,,,,,,,,,,,,,
156,no-visualization,200,6,6,1000,87,,43.5%,,,,,,,,,,,,,,
157,no-visualization,200,6,6,1000,84,,42.0%,,,,,,,,,,,,,,
158,no-visualization,200,6,6,1000,79,,39.5%,,,,,,,,,,,,,,
159,no-visualization,200,6,6,1000,83,,41.5%,,,,,,,,,,,,,,
160,no-visualization,200,6,6,1000,86,,43.0%,,,,,,,,,,,,,,
161,no-visualization,200,7,6,1000,85,,42.5%,37.6%,,,,,,,,,,,,,
162,no-visualization,200,7,6,1000,74,,37.0%,,,,,,,,,,,,,,
163,no-visualization,200,7,6,1000,78,,39.0%,,,,,,,,,,,,,,
164,no-visualization,200,7,6,1000,71,,35.5%,,,,,,,,,,,,,,
165,no-visualization,200,7,6,1000,70,,35.0%,,,,,,,,,,,,,,
166,no-visualization,200,7,6,1000,75,,37.5%,,,,,,,,,,,,,,
167,no-visualization,200,7,6,1000,70,,35.0%,,,,,,,,,,,,,,
168,no-visualization,200,7,6,1000,69,,34.5%,,,,,,,,,,,,,,
169,no-visualization,200,7,6,1000,77,,38.5%,,,,,,,,,,,,,,
170,no-visualization,200,7,6,1000,83,,41.5%,,,,,,,,,,,,,,
171,no-visualization,200,8,6,1000,56,,28.0%,31.2%,,,,,,,,,,,,,
172,no-visualization,200,8,6,1000,52,,26.0%,,,,,,,,,,,,,,
173,no-visualization,200,8,6,1000,75,,37.5%,,,,,,,,,,,,,,
174,no-visualization,200,8,6,1000,58,,29.0%,,,,,,,,,,,,,,
175,no-visualization,200,8,6,1000,59,,29.5%,,,,,,,,,,,,,,
176,no-visualization,200,8,6,1000,68,,34.0%,,,,,,,,,,,,,,
177,no-visualization,200,8,6,1000,57,,28.5%,,,,,,,,,,,,,,
178,no-visualization,200,8,6,1000,62,,31.0%,,,,,,,,,,,,,,
179,no-visualization,200,8,6,1000,63,,31.5%,,,,,,,,,,,,,,
180,no-visualization,200,8,6,1000,74,,37.0%,,,,,,,,,,,,,,
181,no-visualization,200,9,6,1000,49,,24.5%,26.8%,,,,,,,,,,,,,
182,no-visualization,200,9,6,1000,49,,24.5%,,,,,,,,,,,,,,
183,no-visualization,200,9,6,1000,63,,31.5%,,,,,,,,,,,,,,
184,no-visualization,200,9,6,1000,61,,30.5%,,,,,,,,,,,,,,
185,no-visualization,200,9,6,1000,45,,22.5%,,,,,,,,,,,,,,
186,no-visualization,200,9,6,1000,53,,26.5%,,,,,,,,,,,,,,
187,no-visualization,200,9,6,1000,52,,26.0%,,,,,,,,,,,,,,
188,no-visualization,200,9,6,1000,52,,26.0%,,,,,,,,,,,,,,
189,no-visualization,200,9,6,1000,59,,29.5%,,,,,,,,,,,,,,
190,no-visualization,200,9,6,1000,52,,26.0%,,,,,,,,,,,,,,
191,no-visualization,200,10,6,1000,49,,24.5%,25.5%,,,,,,,,,,,,,
192,no-visualization,200,10,6,1000,58,,29.0%,,,,,,,,,,,,,,
193,no-visualization,200,10,6,1000,50,,25.0%,,,,,,,,,,,,,,
194,no-visualization,200,10,6,1000,51,,25.5%,,,,,,,,,,,,,,
195,no-visualization,200,10,6,1000,54,,27.0%,,,,,,,,,,,,,,
196,no-visualization,200,10,6,1000,52,,26.0%,,,,,,,,,,,,,,
197,no-visualization,200,10,6,1000,46,,23.0%,,,,,,,,,,,,,,
198,no-visualization,200,10,6,1000,51,,25.5%,,,,,,,,,,,,,,
199,no-visualization,200,10,6,1000,51,,25.5%,,,,,,,,,,,,,,
200,no-visualization,200,10,6,1000,47,,23.5%,,,,,,,,,,,,,,
201,no-visualization,300,1,6,1000,278,,92.7%,93.8%,,,,,,,,,,,,,
202,no-visualization,300,1,6,1000,279,,93.0%,,,,,,,,,,,,,,
203,no-visualization,300,1,6,1000,288,,96.0%,,,,,,,,,,,,,,
204,no-visualization,300,1,6,1000,280,,93.3%,,,,,,,,,,,,,,
205,no-visualization,300,1,6,1000,282,,94.0%,,,,,,,,,,,,,,
206,no-visualization,300,1,6,1000,273,,91.0%,,,,,,,,,,,,,,
207,no-visualization,300,1,6,1000,277,,92.3%,,,,,,,,,,,,,,
208,no-visualization,300,1,6,1000,285,,95.0%,,,,,,,,,,,,,,
209,no-visualization,300,1,6,1000,287,,95.7%,,,,,,,,,,,,,,
210,no-visualization,300,1,6,1000,286,,95.3%,,,,,,,,,,,,,,
211,no-visualization,300,2,6,1000,270,,90.0%,86.7%,,,,,,,,,,,,,
212,no-visualization,300,2,6,1000,252,,84.0%,,,,,,,,,,,,,,
213,no-visualization,300,2,6,1000,257,,85.7%,,,,,,,,,,,,,,
214,no-visualization,300,2,6,1000,255,,85.0%,,,,,,,,,,,,,,
215,no-visualization,300,2,6,1000,256,,85.3%,,,,,,,,,,,,,,
216,no-visualization,300,2,6,1000,257,,85.7%,,,,,,,,,,,,,,
217,no-visualization,300,2,6,1000,268,,89.3%,,,,,,,,,,,,,,
218,no-visualization,300,2,6,1000,262,,87.3%,,,,,,,,,,,,,,
219,no-visualization,300,2,6,1000,255,,85.0%,,,,,,,,,,,,,,
220,no-visualization,300,2,6,1000,269,,89.7%,,,,,,,,,,,,,,
221,no-visualization,300,3,6,1000,239,,79.7%,76.3%,,,,,,,,,,,,,
222,no-visualization,300,3,6,1000,228,,76.0%,,,,,,,,,,,,,,
223,no-visualization,300,3,6,1000,238,,79.3%,,,,,,,,,,,,,,
224,no-visualization,300,3,6,1000,232,,77.3%,,,,,,,,,,,,,,
225,no-visualization,300,3,6,1000,230,,76.7%,,,,,,,,,,,,,,
226,no-visualization,300,3,6,1000,230,,76.7%,,,,,,,,,,,,,,
227,no-visualization,300,3,6,1000,224,,74.7%,,,,,,,,,,,,,,
228,no-visualization,300,3,6,1000,219,,73.0%,,,,,,,,,,,,,,
229,no-visualization,300,3,6,1000,227,,75.7%,,,,,,,,,,,,,,
230,no-visualization,300,3,6,1000,221,,73.7%,,,,,,,,,,,,,,
231,no-visualization,300,4,6,1000,199,,66.3%,64.3%,,,,,,,,,,,,,
232,no-visualization,300,4,6,1000,185,,61.7%,,,,,,,,,,,,,,
233,no-visualization,300,4,6,1000,192,,64.0%,,,,,,,,,,,,,,
234,no-visualization,300,4,6,1000,200,,66.7%,,,,,,,,,,,,,,
235,no-visualization,300,4,6,1000,176,,58.7%,,,,,,,,,,,,,,
236,no-visualization,300,4,6,1000,195,,65.0%,,,,,,,,,,,,,,
237,no-visualization,300,4,6,1000,200,,66.7%,,,,,,,,,,,,,,
238,no-visualization,300,4,6,1000,206,,68.7%,,,,,,,,,,,,,,
239,no-visualization,300,4,6,1000,183,,61.0%,,,,,,,,,,,,,,
240,no-visualization,300,4,6,1000,192,,64.0%,,,,,,,,,,,,,,
241,no-visualization,300,5,6,1000,149,,49.7%,50.4%,,,,,,,,,,,,,
242,no-visualization,300,5,6,1000,136,,45.3%,,,,,,,,,,,,,,
243,no-visualization,300,5,6,1000,153,,51.0%,,,,,,,,,,,,,,
244,no-visualization,300,5,6,1000,144,,48.0%,,,,,,,,,,,,,,
245,no-visualization,300,5,6,1000,161,,53.7%,,,,,,,,,,,,,,
246,no-visualization,300,5,6,1000,156,,52.0%,,,,,,,,,,,,,,
247,no-visualization,300,5,6,1000,160,,53.3%,,,,,,,,,,,,,,
248,no-visualization,300,5,6,1000,161,,53.7%,,,,,,,,,,,,,,
249,no-visualization,300,5,6,1000,158,,52.7%,,,,,,,,,,,,,,
250,no-visualization,300,5,6,1000,135,,45.0%,,,,,,,,,,,,,,
251,no-visualization,300,6,6,1000,113,,37.7%,41.8%,,,,,,,,,,,,,
252,no-visualization,300,6,6,1000,119,,39.7%,,,,,,,,,,,,,,
253,no-visualization,300,6,6,1000,136,,45.3%,,,,,,,,,,,,,,
254,no-visualization,300,6,6,1000,125,,41.7%,,,,,,,,,,,,,,
255,no-visualization,300,6,6,1000,125,,41.7%,,,,,,,,,,,,,,
256,no-visualization,300,6,6,1000,117,,39.0%,,,,,,,,,,,,,,
257,no-visualization,300,6,6,1000,132,,44.0%,,,,,,,,,,,,,,
258,no-visualization,300,6,6,1000,129,,43.0%,,,,,,,,,,,,,,
259,no-visualization,300,6,6,1000,127,,42.3%,,,,,,,,,,,,,,
260,no-visualization,300,6,6,1000,132,,44.0%,,,,,,,,,,,,,,
261,no-visualization,300,7,6,1000,102,,34.0%,35.7%,,,,,,,,,,,,,
262,no-visualization,300,7,6,1000,111,,37.0%,,,,,,,,,,,,,,
263,no-visualization,300,7,6,1000,93,,31.0%,,,,,,,,,,,,,,
264,no-visualization,300,7,6,1000,108,,36.0%,,,,,,,,,,,,,,
265,no-visualization,300,7,6,1000,106,,35.3%,,,,,,,,,,,,,,
266,no-visualization,300,7,6,1000,112,,37.3%,,,,,,,,,,,,,,
267,no-visualization,300,7,6,1000,113,,37.7%,,,,,,,,,,,,,,
268,no-visualization,300,7,6,1000,123,,41.0%,,,,,,,,,,,,,,
269,no-visualization,300,7,6,1000,107,,35.7%,,,,,,,,,,,,,,
270,no-visualization,300,7,6,1000,95,,31.7%,,,,,,,,,,,,,,
271,no-visualization,300,8,6,1000,99,,33.0%,32.2%,,,,,,,,,,,,,
272,no-visualization,300,8,6,1000,95,,31.7%,,,,,,,,,,,,,,
273,no-visualization,300,8,6,1000,90,,30.0%,,,,,,,,,,,,,,
274,no-visualization,300,8,6,1000,103,,34.3%,,,,,,,,,,,,,,
275,no-visualization,300,8,6,1000,104,,34.7%,,,,,,,,,,,,,,
276,no-visualization,300,8,6,1000,85,,28.3%,,,,,,,,,,,,,,
277,no-visualization,300,8,6,1000,89,,29.7%,,,,,,,,,,,,,,
278,no-visualization,300,8,6,1000,105,,35.0%,,,,,,,,,,,,,,
279,no-visualization,300,8,6,1000,96,,32.0%,,,,,,,,,,,,,,
280,no-visualization,300,8,6,1000,101,,33.7%,,,,,,,,,,,,,,
281,no-visualization,300,9,6,1000,76,,25.3%,28.0%,,,,,,,,,,,,,
282,no-visualization,300,9,6,1000,72,,24.0%,,,,,,,,,,,,,,
283,no-visualization,300,9,6,1000,79,,26.3%,,,,,,,,,,,,,,
284,no-visualization,300,9,6,1000,88,,29.3%,,,,,,,,,,,,,,
285,no-visualization,300,9,6,1000,90,,30.0%,,,,,,,,,,,,,,
286,no-visualization,300,9,6,1000,81,,27.0%,,,,,,,,,,,,,,
287,no-visualization,300,9,6,1000,79,,26.3%,,,,,,,,,,,,,,
288,no-visualization,300,9,6,1000,86,,28.7%,,,,,,,,,,,,,,
289,no-visualization,300,9,6,1000,100,,33.3%,,,,,,,,,,,,,,
290,no-visualization,300,9,6,1000,90,,30.0%,,,,,,,,,,,,,,
291,no-visualization,300,10,6,1000,82,,27.3%,26.3%,,,,,,,,,,,,,
292,no-visualization,300,10,6,1000,79,,26.3%,,,,,,,,,,,,,,
293,no-visualization,300,10,6,1000,83,,27.7%,,,,,,,,,,,,,,
294,no-visualization,300,10,6,1000,77,,25.7%,,,,,,,,,,,,,,
295,no-visualization,300,10,6,1000,82,,27.3%,,,,,,,,,,,,,,
296,no-visualization,300,10,6,1000,86,,28.7%,,,,,,,,,,,,,,
297,no-visualization,300,10,6,1000,74,,24.7%,,,,,,,,,,,,,,
298,no-visualization,300,10,6,1000,67,,22.3%,,,,,,,,,,,,,,
299,no-visualization,300,10,6,1000,72,,24.0%,,,,,,,,,,,,,,
300,no-visualization,300,10,6,1000,87,,29.0%,,,,,,,,,,,,,,
301,no-visualization,400,1,6,1000,374,,93.5%,94.2%,,,,,,,,,,,,,
302,no-visualization,400,1,6,1000,390,,97.5%,,,,,,,,,,,,,,
303,no-visualization,400,1,6,1000,367,,91.8%,,,,,,,,,,,,,,
304,no-visualization,400,1,6,1000,380,,95.0%,,,,,,,,,,,,,,
305,no-visualization,400,1,6,1000,376,,94.0%,,,,,,,,,,,,,,
306,no-visualization,400,1,6,1000,377,,94.3%,,,,,,,,,,,,,,
307,no-visualization,400,1,6,1000,373,,93.3%,,,,,,,,,,,,,,
308,no-visualization,400,1,6,1000,379,,94.8%,,,,,,,,,,,,,,
309,no-visualization,400,1,6,1000,371,,92.8%,,,,,,,,,,,,,,
310,no-visualization,400,1,6,1000,381,,95.3%,,,,,,,,,,,,,,
311,no-visualization,400,2,6,1000,342,,85.5%,86.9%,,,,,,,,,,,,,
312,no-visualization,400,2,6,1000,350,,87.5%,,,,,,,,,,,,,,
313,no-visualization,400,2,6,1000,351,,87.8%,,,,,,,,,,,,,,
314,no-visualization,400,2,6,1000,359,,89.8%,,,,,,,,,,,,,,
315,no-visualization,400,2,6,1000,356,,89.0%,,,,,,,,,,,,,,
316,no-visualization,400,2,6,1000,351,,87.8%,,,,,,,,,,,,,,
317,no-visualization,400,2,6,1000,336,,84.0%,,,,,,,,,,,,,,
318,no-visualization,400,2,6,1000,346,,86.5%,,,,,,,,,,,,,,
319,no-visualization,400,2,6,1000,347,,86.8%,,,,,,,,,,,,,,
320,no-visualization,400,2,6,1000,339,,84.8%,,,,,,,,,,,,,,
321,no-visualization,400,3,6,1000,307,,76.8%,75.5%,,,,,,,,,,,,,
322,no-visualization,400,3,6,1000,305,,76.3%,,,,,,,,,,,,,,
323,no-visualization,400,3,6,1000,309,,77.3%,,,,,,,,,,,,,,
324,no-visualization,400,3,6,1000,302,,75.5%,,,,,,,,,,,,,,
325,no-visualization,400,3,6,1000,305,,76.3%,,,,,,,,,,,,,,
326,no-visualization,400,3,6,1000,310,,77.5%,,,,,,,,,,,,,,
327,no-visualization,400,3,6,1000,289,,72.3%,,,,,,,,,,,,,,
328,no-visualization,400,3,6,1000,296,,74.0%,,,,,,,,,,,,,,
329,no-visualization,400,3,6,1000,303,,75.8%,,,,,,,,,,,,,,
330,no-visualization,400,3,6,1000,294,,73.5%,,,,,,,,,,,,,,
331,no-visualization,400,4,6,1000,249,,62.3%,63.0%,,,,,,,,,,,,,
332,no-visualization,400,4,6,1000,248,,62.0%,,,,,,,,,,,,,,
333,no-visualization,400,4,6,1000,253,,63.3%,,,,,,,,,,,,,,
334,no-visualization,400,4,6,1000,248,,62.0%,,,,,,,,,,,,,,
335,no-visualization,400,4,6,1000,252,,63.0%,,,,,,,,,,,,,,
336,no-visualization,400,4,6,1000,258,,64.5%,,,,,,,,,,,,,,
337,no-visualization,400,4,6,1000,250,,62.5%,,,,,,,,,,,,,,
338,no-visualization,400,4,6,1000,259,,64.8%,,,,,,,,,,,,,,
339,no-visualization,400,4,6,1000,250,,62.5%,,,,,,,,,,,,,,
340,no-visualization,400,4,6,1000,253,,63.3%,,,,,,,,,,,,,,
341,no-visualization,400,5,6,1000,215,,53.8%,51.7%,,,,,,,,,,,,,
342,no-visualization,400,5,6,1000,204,,51.0%,,,,,,,,,,,,,,
343,no-visualization,400,5,6,1000,202,,50.5%,,,,,,,,,,,,,,
344,no-visualization,400,5,6,1000,190,,47.5%,,,,,,,,,,,,,,
345,no-visualization,400,5,6,1000,205,,51.3%,,,,,,,,,,,,,,
346,no-visualization,400,5,6,1000,211,,52.8%,,,,,,,,,,,,,,
347,no-visualization,400,5,6,1000,216,,54.0%,,,,,,,,,,,,,,
348,no-visualization,400,5,6,1000,205,,51.3%,,,,,,,,,,,,,,
349,no-visualization,400,5,6,1000,207,,51.8%,,,,,,,,,,,,,,
350,no-visualization,400,5,6,1000,212,,53.0%,,,,,,,,,,,,,,
351,no-visualization,400,6,6,1000,163,,40.8%,43.2%,,,,,,,,,,,,,
352,no-visualization,400,6,6,1000,173,,43.3%,,,,,,,,,,,,,,
353,no-visualization,400,6,6,1000,171,,42.8%,,,,,,,,,,,,,,
354,no-visualization,400,6,6,1000,176,,44.0%,,,,,,,,,,,,,,
355,no-visualization,400,6,6,1000,189,,47.3%,,,,,,,,,,,,,,
356,no-visualization,400,6,6,1000,162,,40.5%,,,,,,,,,,,,,,
357,no-visualization,400,6,6,1000,164,,41.0%,,,,,,,,,,,,,,
358,no-visualization,400,6,6,1000,186,,46.5%,,,,,,,,,,,,,,
359,no-visualization,400,6,6,1000,165,,41.3%,,,,,,,,,,,,,,
360,no-visualization,400,6,6,1000,178,,44.5%,,,,,,,,,,,,,,
361,no-visualization,400,7,6,1000,136,,34.0%,37.2%,,,,,,,,,,,,,
362,no-visualization,400,7,6,1000,151,,37.8%,,,,,,,,,,,,,,
363,no-visualization,400,7,6,1000,152,,38.0%,,,,,,,,,,,,,,
364,no-visualization,400,7,6,1000,129,,32.3%,,,,,,,,,,,,,,
365,no-visualization,400,7,6,1000,140,,35.0%,,,,,,,,,,,,,,
366,no-visualization,400,7,6,1000,153,,38.3%,,,,,,,,,,,,,,
367,no-visualization,400,7,6,1000,159,,39.8%,,,,,,,,,,,,,,
368,no-visualization,400,7,6,1000,154,,38.5%,,,,,,,,,,,,,,
369,no-visualization,400,7,6,1000,154,,38.5%,,,,,,,,,,,,,,
370,no-visualization,400,7,6,1000,158,,39.5%,,,,,,,,,,,,,,
371,no-visualization,400,8,6,1000,141,,35.3%,31.2%,,,,,,,,,,,,,
372,no-visualization,400,8,6,1000,115,,28.8%,,,,,,,,,,,,,,
373,no-visualization,400,8,6,1000,131,,32.8%,,,,,,,,,,,,,,
374,no-visualization,400,8,6,1000,131,,32.8%,,,,,,,,,,,,,,
375,no-visualization,400,8,6,1000,125,,31.3%,,,,,,,,,,,,,,
376,no-visualization,400,8,6,1000,131,,32.8%,,,,,,,,,,,,,,
377,no-visualization,400,8,6,1000,133,,33.3%,,,,,,,,,,,,,,
378,no-visualization,400,8,6,1000,110,,27.5%,,,,,,,,,,,,,,
379,no-visualization,400,8,6,1000,122,,30.5%,,,,,,,,,,,,,,
380,no-visualization,400,8,6,1000,109,,27.3%,,,,,,,,,,,,,,
381,no-visualization,400,9,6,1000,122,,30.5%,27.5%,,,,,,,,,,,,,
382,no-visualization,400,9,6,1000,102,,25.5%,,,,,,,,,,,,,,
383,no-visualization,400,9,6,1000,106,,26.5%,,,,,,,,,,,,,,
384,no-visualization,400,9,6,1000,107,,26.8%,,,,,,,,,,,,,,
385,no-visualization,400,9,6,1000,123,,30.8%,,,,,,,,,,,,,,
386,no-visualization,400,9,6,1000,95,,23.8%,,,,,,,,,,,,,,
387,no-visualization,400,9,6,1000,112,,28.0%,,,,,,,,,,,,,,
388,no-visualization,400,9,6,1000,108,,27.0%,,,,,,,,,,,,,,
389,no-visualization,400,9,6,1000,118,,29.5%,,,,,,,,,,,,,,
390,no-visualization,400,9,6,1000,107,,26.8%,,,,,,,,,,,,,,
391,no-visualization,400,10,6,1000,111,,27.8%,26.8%,,,,,,,,,,,,,
392,no-visualization,400,10,6,1000,111,,27.8%,,,,,,,,,,,,,,
393,no-visualization,400,10,6,1000,110,,27.5%,,,,,,,,,,,,,,
394,no-visualization,400,10,6,1000,102,,25.5%,,,,,,,,,,,,,,
395,no-visualization,400,10,6,1000,114,,28.5%,,,,,,,,,,,,,,
396,no-visualization,400,10,6,1000,107,,26.8%,,,,,,,,,,,,,,
397,no-visualization,400,10,6,1000,100,,25.0%,,,,,,,,,,,,,,
398,no-visualization,400,10,6,1000,104,,26.0%,,,,,,,,,,,,,,
399,no-visualization,400,10,6,1000,111,,27.8%,,,,,,,,,,,,,,
400,no-visualization,400,10,6,1000,101,,25.3%,,,,,,,,,,,,,,
401,no-visualization,500,1,6,1000,463,,92.6%,93.6%,,,,,,,,,,,,,
402,no-visualization,500,1,6,1000,476,,95.2%,,,,,,,,,,,,,,
403,no-visualization,500,1,6,1000,463,,92.6%,,,,,,,,,,,,,,
404,no-visualization,500,1,6,1000,464,,92.8%,,,,,,,,,,,,,,
405,no-visualization,500,1,6,1000,469,,93.8%,,,,,,,,,,,,,,
406,no-visualization,500,1,6,1000,469,,93.8%,,,,,,,,,,,,,,
407,no-visualization,500,1,6,1000,471,,94.2%,,,,,,,,,,,,,,
408,no-visualization,500,1,6,1000,475,,95.0%,,,,,,,,,,,,,,
409,no-visualization,500,1,6,1000,461,,92.2%,,,,,,,,,,,,,,
410,no-visualization,500,1,6,1000,471,,94.2%,,,,,,,,,,,,,,
411,no-visualization,500,2,6,1000,435,,87.0%,87.2%,,,,,,,,,,,,,
412,no-visualization,500,2,6,1000,424,,84.8%,,,,,,,,,,,,,,
413,no-visualization,500,2,6,1000,424,,84.8%,,,,,,,,,,,,,,
414,no-visualization,500,2,6,1000,438,,87.6%,,,,,,,,,,,,,,
415,no-visualization,500,2,6,1000,439,,87.8%,,,,,,,,,,,,,,
416,no-visualization,500,2,6,1000,442,,88.4%,,,,,,,,,,,,,,
417,no-visualization,500,2,6,1000,446,,89.2%,,,,,,,,,,,,,,
418,no-visualization,500,2,6,1000,441,,88.2%,,,,,,,,,,,,,,
419,no-visualization,500,2,6,1000,431,,86.2%,,,,,,,,,,,,,,
420,no-visualization,500,2,6,1000,439,,87.8%,,,,,,,,,,,,,,
421,no-visualization,500,3,6,1000,371,,74.2%,74.9%,,,,,,,,,,,,,
422,no-visualization,500,3,6,1000,369,,73.8%,,,,,,,,,,,,,,
423,no-visualization,500,3,6,1000,381,,76.2%,,,,,,,,,,,,,,
424,no-visualization,500,3,6,1000,361,,72.2%,,,,,,,,,,,,,,
425,no-visualization,500,3,6,1000,379,,75.8%,,,,,,,,,,,,,,
426,no-visualization,500,3,6,1000,370,,74.0%,,,,,,,,,,,,,,
427,no-visualization,500,3,6,1000,372,,74.4%,,,,,,,,,,,,,,
428,no-visualization,500,3,6,1000,396,,79.2%,,,,,,,,,,,,,,
429,no-visualization,500,3,6,1000,377,,75.4%,,,,,,,,,,,,,,
430,no-visualization,500,3,6,1000,371,,74.2%,,,,,,,,,,,,,,
431,no-visualization,500,4,6,1000,299,,59.8%,62.6%,,,,,,,,,,,,,
432,no-visualization,500,4,6,1000,330,,66.0%,,,,,,,,,,,,,,
433,no-visualization,500,4,6,1000,323,,64.6%,,,,,,,,,,,,,,
434,no-visualization,500,4,6,1000,314,,62.8%,,,,,,,,,,,,,,
435,no-visualization,500,4,6,1000,314,,62.8%,,,,,,,,,,,,,,
436,no-visualization,500,4,6,1000,320,,64.0%,,,,,,,,,,,,,,
437,no-visualization,500,4,6,1000,318,,63.6%,,,,,,,,,,,,,,
438,no-visualization,500,4,6,1000,304,,60.8%,,,,,,,,,,,,,,
439,no-visualization,500,4,6,1000,302,,60.4%,,,,,,,,,,,,,,
440,no-visualization,500,4,6,1000,307,,61.4%,,,,,,,,,,,,,,
441,no-visualization,500,5,6,1000,242,,48.4%,50.7%,,,,,,,,,,,,,
442,no-visualization,500,5,6,1000,254,,50.8%,,,,,,,,,,,,,,
443,no-visualization,500,5,6,1000,244,,48.8%,,,,,,,,,,,,,,
444,no-visualization,500,5,6,1000,260,,52.0%,,,,,,,,,,,,,,
445,no-visualization,500,5,6,1000,254,,50.8%,,,,,,,,,,,,,,
446,no-visualization,500,5,6,1000,273,,54.6%,,,,,,,,,,,,,,
447,no-visualization,500,5,6,1000,253,,50.6%,,,,,,,,,,,,,,
448,no-visualization,500,5,6,1000,248,,49.6%,,,,,,,,,,,,,,
449,no-visualization,500,5,6,1000,262,,52.4%,,,,,,,,,,,,,,
450,no-visualization,500,5,6,1000,246,,49.2%,,,,,,,,,,,,,,
451,no-visualization,500,6,6,1000,223,,44.6%,40.9%,,,,,,,,,,,,,
452,no-visualization,500,6,6,1000,192,,38.4%,,,,,,,,,,,,,,
453,no-visualization,500,6,6,1000,207,,41.4%,,,,,,,,,,,,,,
454,no-visualization,500,6,6,1000,211,,42.2%,,,,,,,,,,,,,,
455,no-visualization,500,6,6,1000,199,,39.8%,,,,,,,,,,,,,,
456,no-visualization,500,6,6,1000,182,,36.4%,,,,,,,,,,,,,,
457,no-visualization,500,6,6,1000,208,,41.6%,,,,,,,,,,,,,,
458,no-visualization,500,6,6,1000,219,,43.8%,,,,,,,,,,,,,,
459,no-visualization,500,6,6,1000,191,,38.2%,,,,,,,,,,,,,,
460,no-visualization,500,6,6,1000,211,,42.2%,,,,,,,,,,,,,,
461,no-visualization,500,7,6,1000,184,,36.8%,36.1%,,,,,,,,,,,,,
462,no-visualization,500,7,6,1000,175,,35.0%,,,,,,,,,,,,,,
463,no-visualization,500,7,6,1000,194,,38.8%,,,,,,,,,,,,,,
464,no-visualization,500,7,6,1000,190,,38.0%,,,,,,,,,,,,,,
465,no-visualization,500,7,6,1000,171,,34.2%,,,,,,,,,,,,,,
466,no-visualization,500,7,6,1000,170,,34.0%,,,,,,,,,,,,,,
467,no-visualization,500,7,6,1000,182,,36.4%,,,,,,,,,,,,,,
468,no-visualization,500,7,6,1000,156,,31.2%,,,,,,,,,,,,,,
469,no-visualization,500,7,6,1000,198,,39.6%,,,,,,,,,,,,,,
470,no-visualization,500,7,6,1000,185,,37.0%,,,,,,,,,,,,,,
471,no-visualization,500,8,6,1000,151,,30.2%,30.9%,,,,,,,,,,,,,
472,no-visualization,500,8,6,1000,170,,34.0%,,,,,,,,,,,,,,
473,no-visualization,500,8,6,1000,163,,32.6%,,,,,,,,,,,,,,
474,no-visualization,500,8,6,1000,145,,29.0%,,,,,,,,,,,,,,
475,no-visualization,500,8,6,1000,150,,30.0%,,,,,,,,,,,,,,
476,no-visualization,500,8,6,1000,154,,30.8%,,,,,,,,,,,,,,
477,no-visualization,500,8,6,1000,162,,32.4%,,,,,,,,,,,,,,
478,no-visualization,500,8,6,1000,146,,29.2%,,,,,,,,,,,,,,
479,no-visualization,500,8,6,1000,148,,29.6%,,,,,,,,,,,,,,
480,no-visualization,500,8,6,1000,156,,31.2%,,,,,,,,,,,,,,
481,no-visualization,500,9,6,1000,150,,30.0%,29.0%,,,,,,,,,,,,,
482,no-visualization,500,9,6,1000,142,,28.4%,,,,,,,,,,,,,,
483,no-visualization,500,9,6,1000,129,,25.8%,,,,,,,,,,,,,,
484,no-visualization,500,9,6,1000,133,,26.6%,,,,,,,,,,,,,,
485,no-visualization,500,9,6,1000,161,,32.2%,,,,,,,,,,,,,,
486,no-visualization,500,9,6,1000,149,,29.8%,,,,,,,,,,,,,,
487,no-visualization,500,9,6,1000,149,,29.8%,,,,,,,,,,,,,,
488,no-visualization,500,9,6,1000,147,,29.4%,,,,,,,,,,,,,,
489,no-visualization,500,9,6,1000,151,,30.2%,,,,,,,,,,,,,,
490,no-visualization,500,9,6,1000,137,,27.4%,,,,,,,,,,,,,,
491,no-visualization,500,10,6,1000,122,,24.4%,26.0%,,,,,,,,,,,,,
492,no-visualization,500,10,6,1000,128,,25.6%,,,,,,,,,,,,,,
493,no-visualization,500,10,6,1000,138,,27.6%,,,,,,,,,,,,,,
494,no-visualization,500,10,6,1000,120,,24.0%,,,,,,,,,,,,,,
495,no-visualization,500,10,6,1000,144,,28.8%,,,,,,,,,,,,,,
496,no-visualization,500,10,6,1000,120,,24.0%,,,,,,,,,,,,,,
497,no-visualization,500,10,6,1000,118,,23.6%,,,,,,,,,,,,,,
498,no-visualization,500,10,6,1000,136,,27.2%,,,,,,,,,,,,,,
499,no-visualization,500,10,6,1000,136,,27.2%,,,,,,,,,,,,,,
500,no-visualization,500,10,6,1000,138,,27.6%,,,,,,,,,,,,,,
501,no-visualization,600,1,6,1000,561,,93.5%,92.8%,,,,,,,,,,,,,
502,no-visualization,600,1,6,1000,555,,92.5%,,,,,,,,,,,,,,
503,no-visualization,600,1,6,1000,559,,93.2%,,,,,,,,,,,,,,
504,no-visualization,600,1,6,1000,548,,91.3%,,,,,,,,,,,,,,
505,no-visualization,600,1,6,1000,555,,92.5%,,,,,,,,,,,,,,
506,no-visualization,600,1,6,1000,556,,92.7%,,,,,,,,,,,,,,
507,no-visualization,600,1,6,1000,559,,93.2%,,,,,,,,,,,,,,
508,no-visualization,600,1,6,1000,553,,92.2%,,,,,,,,,,,,,,
509,no-visualization,600,1,6,1000,557,,92.8%,,,,,,,,,,,,,,
510,no-visualization,600,1,6,1000,563,,93.8%,,,,,,,,,,,,,,
511,no-visualization,600,2,6,1000,522,,87.0%,86.6%,,,,,,,,,,,,,
512,no-visualization,600,2,6,1000,529,,88.2%,,,,,,,,,,,,,,
513,no-visualization,600,2,6,1000,514,,85.7%,,,,,,,,,,,,,,
514,no-visualization,600,2,6,1000,529,,88.2%,,,,,,,,,,,,,,
515,no-visualization,600,2,6,1000,511,,85.2%,,,,,,,,,,,,,,
516,no-visualization,600,2,6,1000,524,,87.3%,,,,,,,,,,,,,,
517,no-visualization,600,2,6,1000,504,,84.0%,,,,,,,,,,,,,,
518,no-visualization,600,2,6,1000,519,,86.5%,,,,,,,,,,,,,,
519,no-visualization,600,2,6,1000,526,,87.7%,,,,,,,,,,,,,,
520,no-visualization,600,2,6,1000,515,,85.8%,,,,,,,,,,,,,,
521,no-visualization,600,3,6,1000,460,,76.7%,75.6%,,,,,,,,,,,,,
522,no-visualization,600,3,6,1000,455,,75.8%,,,,,,,,,,,,,,
523,no-visualization,600,3,6,1000,465,,77.5%,,,,,,,,,,,,,,
524,no-visualization,600,3,6,1000,458,,76.3%,,,,,,,,,,,,,,
525,no-visualization,600,3,6,1000,450,,75.0%,,,,,,,,,,,,,,
526,no-visualization,600,3,6,1000,447,,74.5%,,,,,,,,,,,,,,
527,no-visualization,600,3,6,1000,448,,74.7%,,,,,,,,,,,,,,
528,no-visualization,600,3,6,1000,448,,74.7%,,,,,,,,,,,,,,
529,no-visualization,600,3,6,1000,453,,75.5%,,,,,,,,,,,,,,
530,no-visualization,600,3,6,1000,449,,74.8%,,,,,,,,,,,,,,
531,no-visualization,600,4,6,1000,356,,59.3%,61.0%,,,,,,,,,,,,,
532,no-visualization,600,4,6,1000,350,,58.3%,,,,,,,,,,,,,,
533,no-visualization,600,4,6,1000,372,,62.0%,,,,,,,,,,,,,,
534,no-visualization,600,4,6,1000,380,,63.3%,,,,,,,,,,,,,,
535,no-visualization,600,4,6,1000,371,,61.8%,,,,,,,,,,,,,,
536,no-visualization,600,4,6,1000,394,,65.7%,,,,,,,,,,,,,,
537,no-visualization,600,4,6,1000,368,,61.3%,,,,,,,,,,,,,,
538,no-visualization,600,4,6,1000,360,,60.0%,,,,,,,,,,,,,,
539,no-visualization,600,4,6,1000,345,,57.5%,,,,,,,,,,,,,,
540,no-visualization,600,4,6,1000,363,,60.5%,,,,,,,,,,,,,,
541,no-visualization,600,5,6,1000,296,,49.3%,49.5%,,,,,,,,,,,,,
542,no-visualization,600,5,6,1000,294,,49.0%,,,,,,,,,,,,,,
543,no-visualization,600,5,6,1000,287,,47.8%,,,,,,,,,,,,,,
544,no-visualization,600,5,6,1000,297,,49.5%,,,,,,,,,,,,,,
545,no-visualization,600,5,6,1000,297,,49.5%,,,,,,,,,,,,,,
546,no-visualization,600,5,6,1000,304,,50.7%,,,,,,,,,,,,,,
547,no-visualization,600,5,6,1000,301,,50.2%,,,,,,,,,,,,,,
548,no-visualization,600,5,6,1000,307,,51.2%,,,,,,,,,,,,,,
549,no-visualization,600,5,6,1000,294,,49.0%,,,,,,,,,,,,,,
550,no-visualization,600,5,6,1000,291,,48.5%,,,,,,,,,,,,,,
551,no-visualization,600,6,6,1000,253,,42.2%,40.8%,,,,,,,,,,,,,
552,no-visualization,600,6,6,1000,239,,39.8%,,,,,,,,,,,,,,
553,no-visualization,600,6,6,1000,231,,38.5%,,,,,,,,,,,,,,
554,no-visualization,600,6,6,1000,247,,41.2%,,,,,,,,,,,,,,
555,no-visualization,600,6,6,1000,247,,41.2%,,,,,,,,,,,,,,
556,no-visualization,600,6,6,1000,268,,44.7%,,,,,,,,,,,,,,
557,no-visualization,600,6,6,1000,226,,37.7%,,,,,,,,,,,,,,
558,no-visualization,600,6,6,1000,233,,38.8%,,,,,,,,,,,,,,
559,no-visualization,600,6,6,1000,251,,41.8%,,,,,,,,,,,,,,
560,no-visualization,600,6,6,1000,250,,41.7%,,,,,,,,,,,,,,
561,no-visualization,600,7,6,1000,217,,36.2%,36.0%,,,,,,,,,,,,,
562,no-visualization,600,7,6,1000,208,,34.7%,,,,,,,,,,,,,,
563,no-visualization,600,7,6,1000,226,,37.7%,,,,,,,,,,,,,,
564,no-visualization,600,7,6,1000,194,,32.3%,,,,,,,,,,,,,,
565,no-visualization,600,7,6,1000,214,,35.7%,,,,,,,,,,,,,,
566,no-visualization,600,7,6,1000,213,,35.5%,,,,,,,,,,,,,,
567,no-visualization,600,7,6,1000,226,,37.7%,,,,,,,,,,,,,,
568,no-visualization,600,7,6,1000,225,,37.5%,,,,,,,,,,,,,,
569,no-visualization,600,7,6,1000,210,,35.0%,,,,,,,,,,,,,,
570,no-visualization,600,7,6,1000,225,,37.5%,,,,,,,,,,,,,,
571,no-visualization,600,8,6,1000,169,,28.2%,31.9%,,,,,,,,,,,,,
572,no-visualization,600,8,6,1000,195,,32.5%,,,,,,,,,,,,,,
573,no-visualization,600,8,6,1000,189,,31.5%,,,,,,,,,,,,,,
574,no-visualization,600,8,6,1000,191,,31.8%,,,,,,,,,,,,,,
575,no-visualization,600,8,6,1000,205,,34.2%,,,,,,,,,,,,,,
576,no-visualization,600,8,6,1000,197,,32.8%,,,,,,,,,,,,,,
577,no-visualization,600,8,6,1000,206,,34.3%,,,,,,,,,,,,,,
578,no-visualization,600,8,6,1000,203,,33.8%,,,,,,,,,,,,,,
579,no-visualization,600,8,6,1000,185,,30.8%,,,,,,,,,,,,,,
580,no-visualization,600,8,6,1000,173,,28.8%,,,,,,,,,,,,,,
581,no-visualization,600,9,6,1000,160,,26.7%,28.7%,,,,,,,,,,,,,
582,no-visualization,600,9,6,1000,172,,28.7%,,,,,,,,,,,,,,
583,no-visualization,600,9,6,1000,177,,29.5%,,,,,,,,,,,,,,
584,no-visualization,600,9,6,1000,174,,29.0%,,,,,,,,,,,,,,
585,no-visualization,600,9,6,1000,159,,26.5%,,,,,,,,,,,,,,
586,no-visualization,600,9,6,1000,173,,28.8%,,,,,,,,,,,,,,
587,no-visualization,600,9,6,1000,185,,30.8%,,,,,,,,,,,,,,
588,no-visualization,600,9,6,1000,172,,28.7%,,,,,,,,,,,,,,
589,no-visualization,600,9,6,1000,157,,26.2%,,,,,,,,,,,,,,
590,no-visualization,600,9,6,1000,191,,31.8%,,,,,,,,,,,,,,
591,no-visualization,600,10,6,1000,156,,26.0%,25.6%,,,,,,,,,,,,,
592,no-visualization,600,10,6,1000,156,,26.0%,,,,,,,,,,,,,,
593,no-visualization,600,10,6,1000,169,,28.2%,,,,,,,,,,,,,,
594,no-visualization,600,10,6,1000,150,,25.0%,,,,,,,,,,,,,,
595,no-visualization,600,10,6,1000,137,,22.8%,,,,,,,,,,,,,,
596,no-visualization,600,10,6,1000,147,,24.5%,,,,,,,,,,,,,,
597,no-visualization,600,10,6,1000,160,,26.7%,,,,,,,,,,,,,,
598,no-visualization,600,10,6,1000,173,,28.8%,,,,,,,,,,,,,,
599,no-visualization,600,10,6,1000,151,,25.2%,,,,,,,,,,,,,,
600,no-visualization,600,10,6,1000,139,,23.2%,,,,,,,,,,,,,,
601,no-visualization,700,1,6,1000,652,,93.1%,93.2%,,,,,,,,,,,,,
602,no-visualization,700,1,6,1000,644,,92.0%,,,,,,,,,,,,,,
603,no-visualization,700,1,6,1000,649,,92.7%,,,,,,,,,,,,,,
604,no-visualization,700,1,6,1000,651,,93.0%,,,,,,,,,,,,,,
605,no-visualization,700,1,6,1000,654,,93.4%,,,,,,,,,,,,,,
606,no-visualization,700,1,6,1000,652,,93.1%,,,,,,,,,,,,,,
607,no-visualization,700,1,6,1000,656,,93.7%,,,,,,,,,,,,,,
608,no-visualization,700,1,6,1000,648,,92.6%,,,,,,,,,,,,,,
609,no-visualization,700,1,6,1000,664,,94.9%,,,,,,,,,,,,,,
610,no-visualization,700,1,6,1000,656,,93.7%,,,,,,,,,,,,,,
611,no-visualization,700,2,6,1000,596,,85.1%,86.5%,,,,,,,,,,,,,
612,no-visualization,700,2,6,1000,598,,85.4%,,,,,,,,,,,,,,
613,no-visualization,700,2,6,1000,611,,87.3%,,,,,,,,,,,,,,
614,no-visualization,700,2,6,1000,610,,87.1%,,,,,,,,,,,,,,
615,no-visualization,700,2,6,1000,618,,88.3%,,,,,,,,,,,,,,
616,no-visualization,700,2,6,1000,614,,87.7%,,,,,,,,,,,,,,
617,no-visualization,700,2,6,1000,598,,85.4%,,,,,,,,,,,,,,
618,no-visualization,700,2,6,1000,600,,85.7%,,,,,,,,,,,,,,
619,no-visualization,700,2,6,1000,611,,87.3%,,,,,,,,,,,,,,
620,no-visualization,700,2,6,1000,599,,85.6%,,,,,,,,,,,,,,
621,no-visualization,700,3,6,1000,514,,73.4%,74.4%,,,,,,,,,,,,,
622,no-visualization,700,3,6,1000,525,,75.0%,,,,,,,,,,,,,,
623,no-visualization,700,3,6,1000,530,,75.7%,,,,,,,,,,,,,,
624,no-visualization,700,3,6,1000,505,,72.1%,,,,,,,,,,,,,,
625,no-visualization,700,3,6,1000,514,,73.4%,,,,,,,,,,,,,,
626,no-visualization,700,3,6,1000,522,,74.6%,,,,,,,,,,,,,,
627,no-visualization,700,3,6,1000,516,,73.7%,,,,,,,,,,,,,,
628,no-visualization,700,3,6,1000,517,,73.9%,,,,,,,,,,,,,,
629,no-visualization,700,3,6,1000,519,,74.1%,,,,,,,,,,,,,,
630,no-visualization,700,3,6,1000,544,,77.7%,,,,,,,,,,,,,,
631,no-visualization,700,4,6,1000,427,,61.0%,61.3%,,,,,,,,,,,,,
632,no-visualization,700,4,6,1000,436,,62.3%,,,,,,,,,,,,,,
633,no-visualization,700,4,6,1000,421,,60.1%,,,,,,,,,,,,,,
634,no-visualization,700,4,6,1000,428,,61.1%,,,,,,,,,,,,,,
635,no-visualization,700,4,6,1000,433,,61.9%,,,,,,,,,,,,,,
636,no-visualization,700,4,6,1000,430,,61.4%,,,,,,,,,,,,,,
637,no-visualization,700,4,6,1000,437,,62.4%,,,,,,,,,,,,,,
638,no-visualization,700,4,6,1000,423,,60.4%,,,,,,,,,,,,,,
639,no-visualization,700,4,6,1000,411,,58.7%,,,,,,,,,,,,,,
640,no-visualization,700,4,6,1000,444,,63.4%,,,,,,,,,,,,,,
641,no-visualization,700,5,6,1000,340,,48.6%,49.9%,,,,,,,,,,,,,
642,no-visualization,700,5,6,1000,349,,49.9%,,,,,,,,,,,,,,
643,no-visualization,700,5,6,1000,367,,52.4%,,,,,,,,,,,,,,
644,no-visualization,700,5,6,1000,334,,47.7%,,,,,,,,,,,,,,
645,no-visualization,700,5,6,1000,362,,51.7%,,,,,,,,,,,,,,
646,no-visualization,700,5,6,1000,353,,50.4%,,,,,,,,,,,,,,
647,no-visualization,700,5,6,1000,345,,49.3%,,,,,,,,,,,,,,
648,no-visualization,700,5,6,1000,347,,49.6%,,,,,,,,,,,,,,
649,no-visualization,700,5,6,1000,351,,50.1%,,,,,,,,,,,,,,
650,no-visualization,700,5,6,1000,347,,49.6%,,,,,,,,,,,,,,
651,no-visualization,700,6,6,1000,293,,41.9%,42.8%,,,,,,,,,,,,,
652,no-visualization,700,6,6,1000,306,,43.7%,,,,,,,,,,,,,,
653,no-visualization,700,6,6,1000,289,,41.3%,,,,,,,,,,,,,,
654,no-visualization,700,6,6,1000,312,,44.6%,,,,,,,,,,,,,,
655,no-visualization,700,6,6,1000,295,,42.1%,,,,,,,,,,,,,,
656,no-visualization,700,6,6,1000,308,,44.0%,,,,,,,,,,,,,,
657,no-visualization,700,6,6,1000,314,,44.9%,,,,,,,,,,,,,,
658,no-visualization,700,6,6,1000,293,,41.9%,,,,,,,,,,,,,,
659,no-visualization,700,6,6,1000,295,,42.1%,,,,,,,,,,,,,,
660,no-visualization,700,6,6,1000,290,,41.4%,,,,,,,,,,,,,,
661,no-visualization,700,7,6,1000,240,,34.3%,35.6%,,,,,,,,,,,,,
662,no-visualization,700,7,6,1000,277,,39.6%,,,,,,,,,,,,,,
663,no-visualization,700,7,6,1000,249,,35.6%,,,,,,,,,,,,,,
664,no-visualization,700,7,6,1000,252,,36.0%,,,,,,,,,,,,,,
665,no-visualization,700,7,6,1000,253,,36.1%,,,,,,,,,,,,,,
666,no-visualization,700,7,6,1000,255,,36.4%,,,,,,,,,,,,,,
667,no-visualization,700,7,6,1000,255,,36.4%,,,,,,,,,,,,,,
668,no-visualization,700,7,6,1000,213,,30.4%,,,,,,,,,,,,,,
669,no-visualization,700,7,6,1000,253,,36.1%,,,,,,,,,,,,,,
670,no-visualization,700,7,6,1000,244,,34.9%,,,,,,,,,,,,,,
671,no-visualization,700,8,6,1000,212,,30.3%,31.9%,,,,,,,,,,,,,
672,no-visualization,700,8,6,1000,230,,32.9%,,,,,,,,,,,,,,
673,no-visualization,700,8,6,1000,230,,32.9%,,,,,,,,,,,,,,
674,no-visualization,700,8,6,1000,220,,31.4%,,,,,,,,,,,,,,
675,no-visualization,700,8,6,1000,216,,30.9%,,,,,,,,,,,,,,
676,no-visualization,700,8,6,1000,226,,32.3%,,,,,,,,,,,,,,
677,no-visualization,700,8,6,1000,238,,34.0%,,,,,,,,,,,,,,
678,no-visualization,700,8,6,1000,226,,32.3%,,,,,,,,,,,,,,
679,no-visualization,700,8,6,1000,205,,29.3%,,,,,,,,,,,,,,
680,no-visualization,700,8,6,1000,233,,33.3%,,,,,,,,,,,,,,
681,no-visualization,700,9,6,1000,206,,29.4%,28.7%,,,,,,,,,,,,,
682,no-visualization,700,9,6,1000,207,,29.6%,,,,,,,,,,,,,,
683,no-visualization,700,9,6,1000,206,,29.4%,,,,,,,,,,,,,,
684,no-visualization,700,9,6,1000,211,,30.1%,,,,,,,,,,,,,,
685,no-visualization,700,9,6,1000,199,,28.4%,,,,,,,,,,,,,,
686,no-visualization,700,9,6,1000,187,,26.7%,,,,,,,,,,,,,,
687,no-visualization,700,9,6,1000,203,,29.0%,,,,,,,,,,,,,,
688,no-visualization,700,9,6,1000,194,,27.7%,,,,,,,,,,,,,,
689,no-visualization,700,9,6,1000,198,,28.3%,,,,,,,,,,,,,,
690,no-visualization,700,9,6,1000,201,,28.7%,,,,,,,,,,,,,,
691,no-visualization,700,10,6,1000,189,,27.0%,25.2%,,,,,,,,,,,,,
692,no-visualization,700,10,6,1000,174,,24.9%,,,,,,,,,,,,,,
693,no-visualization,700,10,6,1000,177,,25.3%,,,,,,,,,,,,,,
694,no-visualization,700,10,6,1000,177,,25.3%,,,,,,,,,,,,,,
695,no-visualization,700,10,6,1000,174,,24.9%,,,,,,,,,,,,,,
696,no-visualization,700,10,6,1000,188,,26.9%,,,,,,,,,,,,,,
697,no-visualization,700,10,6,1000,174,,24.9%,,,,,,,,,,,,,,
698,no-visualization,700,10,6,1000,164,,23.4%,,,,,,,,,,,,,,
699,no-visualization,700,10,6,1000,167,,23.9%,,,,,,,,,,,,,,
700,no-visualization,700,10,6,1000,181,,25.9%,,,,,,,,,,,,,,
701,no-visualization,800,1,6,1000,746,,93.3%,92.8%,,,,,,,,,,,,,
702,no-visualization,800,1,6,1000,741,,92.6%,,,,,,,,,,,,,,
703,no-visualization,800,1,6,1000,737,,92.1%,,,,,,,,,,,,,,
704,no-visualization,800,1,6,1000,740,,92.5%,,,,,,,,,,,,,,
705,no-visualization,800,1,6,1000,740,,92.5%,,,,,,,,,,,,,,
706,no-visualization,800,1,6,1000,749,,93.6%,,,,,,,,,,,,,,
707,no-visualization,800,1,6,1000,741,,92.6%,,,,,,,,,,,,,,
708,no-visualization,800,1,6,1000,744,,93.0%,,,,,,,,,,,,,,
709,no-visualization,800,1,6,1000,746,,93.3%,,,,,,,,,,,,,,
710,no-visualization,800,1,6,1000,741,,92.6%,,,,,,,,,,,,,,
711,no-visualization,800,2,6,1000,678,,84.8%,86.0%,,,,,,,,,,,,,
712,no-visualization,800,2,6,1000,683,,85.4%,,,,,,,,,,,,,,
713,no-visualization,800,2,6,1000,691,,86.4%,,,,,,,,,,,,,,
714,no-visualization,800,2,6,1000,700,,87.5%,,,,,,,,,,,,,,
715,no-visualization,800,2,6,1000,682,,85.3%,,,,,,,,,,,,,,
716,no-visualization,800,2,6,1000,677,,84.6%,,,,,,,,,,,,,,
717,no-visualization,800,2,6,1000,682,,85.3%,,,,,,,,,,,,,,
718,no-visualization,800,2,6,1000,691,,86.4%,,,,,,,,,,,,,,
719,no-visualization,800,2,6,1000,705,,88.1%,,,,,,,,,,,,,,
720,no-visualization,800,2,6,1000,687,,85.9%,,,,,,,,,,,,,,
721,no-visualization,800,3,6,1000,606,,75.8%,74.4%,,,,,,,,,,,,,
722,no-visualization,800,3,6,1000,598,,74.8%,,,,,,,,,,,,,,
723,no-visualization,800,3,6,1000,590,,73.8%,,,,,,,,,,,,,,
724,no-visualization,800,3,6,1000,583,,72.9%,,,,,,,,,,,,,,
725,no-visualization,800,3,6,1000,583,,72.9%,,,,,,,,,,,,,,
726,no-visualization,800,3,6,1000,583,,72.9%,,,,,,,,,,,,,,
727,no-visualization,800,3,6,1000,600,,75.0%,,,,,,,,,,,,,,
728,no-visualization,800,3,6,1000,594,,74.3%,,,,,,,,,,,,,,
729,no-visualization,800,3,6,1000,608,,76.0%,,,,,,,,,,,,,,
730,no-visualization,800,3,6,1000,607,,75.9%,,,,,,,,,,,,,,
731,no-visualization,800,4,6,1000,500,,62.5%,60.8%,,,,,,,,,,,,,
732,no-visualization,800,4,6,1000,497,,62.1%,,,,,,,,,,,,,,
733,no-visualization,800,4,6,1000,478,,59.8%,,,,,,,,,,,,,,
734,no-visualization,800,4,6,1000,518,,64.8%,,,,,,,,,,,,,,
735,no-visualization,800,4,6,1000,495,,61.9%,,,,,,,,,,,,,,
736,no-visualization,800,4,6,1000,488,,61.0%,,,,,,,,,,,,,,
737,no-visualization,800,4,6,1000,467,,58.4%,,,,,,,,,,,,,,
738,no-visualization,800,4,6,1000,478,,59.8%,,,,,,,,,,,,,,
739,no-visualization,800,4,6,1000,477,,59.6%,,,,,,,,,,,,,,
740,no-visualization,800,4,6,1000,467,,58.4%,,,,,,,,,,,,,,
741,no-visualization,800,5,6,1000,395,,49.4%,49.5%,,,,,,,,,,,,,
742,no-visualization,800,5,6,1000,395,,49.4%,,,,,,,,,,,,,,
743,no-visualization,800,5,6,1000,398,,49.8%,,,,,,,,,,,,,,
744,no-visualization,800,5,6,1000,395,,49.4%,,,,,,,,,,,,,,
745,no-visualization,800,5,6,1000,395,,49.4%,,,,,,,,,,,,,,
746,no-visualization,800,5,6,1000,387,,48.4%,,,,,,,,,,,,,,
747,no-visualization,800,5,6,1000,396,,49.5%,,,,,,,,,,,,,,
748,no-visualization,800,5,6,1000,401,,50.1%,,,,,,,,,,,,,,
749,no-visualization,800,5,6,1000,410,,51.3%,,,,,,,,,,,,,,
750,no-visualization,800,5,6,1000,386,,48.3%,,,,,,,,,,,,,,
751,no-visualization,800,6,6,1000,340,,42.5%,40.4%,,,,,,,,,,,,,
752,no-visualization,800,6,6,1000,315,,39.4%,,,,,,,,,,,,,,
753,no-visualization,800,6,6,1000,328,,41.0%,,,,,,,,,,,,,,
754,no-visualization,800,6,6,1000,329,,41.1%,,,,,,,,,,,,,,
755,no-visualization,800,6,6,1000,291,,36.4%,,,,,,,,,,,,,,
756,no-visualization,800,6,6,1000,313,,39.1%,,,,,,,,,,,,,,
757,no-visualization,800,6,6,1000,303,,37.9%,,,,,,,,,,,,,,
758,no-visualization,800,6,6,1000,364,,45.5%,,,,,,,,,,,,,,
759,no-visualization,800,6,6,1000,333,,41.6%,,,,,,,,,,,,,,
760,no-visualization,800,6,6,1000,312,,39.0%,,,,,,,,,,,,,,
761,no-visualization,800,7,6,1000,302,,37.8%,36.7%,,,,,,,,,,,,,
762,no-visualization,800,7,6,1000,305,,38.1%,,,,,,,,,,,,,,
763,no-visualization,800,7,6,1000,271,,33.9%,,,,,,,,,,,,,,
764,no-visualization,800,7,6,1000,292,,36.5%,,,,,,,,,,,,,,
765,no-visualization,800,7,6,1000,285,,35.6%,,,,,,,,,,,,,,
766,no-visualization,800,7,6,1000,300,,37.5%,,,,,,,,,,,,,,
767,no-visualization,800,7,6,1000,279,,34.9%,,,,,,,,,,,,,,
768,no-visualization,800,7,6,1000,308,,38.5%,,,,,,,,,,,,,,
769,no-visualization,800,7,6,1000,295,,36.9%,,,,,,,,,,,,,,
770,no-visualization,800,7,6,1000,299,,37.4%,,,,,,,,,,,,,,
771,no-visualization,800,8,6,1000,252,,31.5%,31.1%,,,,,,,,,,,,,
772,no-visualization,800,8,6,1000,241,,30.1%,,,,,,,,,,,,,,
773,no-visualization,800,8,6,1000,259,,32.4%,,,,,,,,,,,,,,
774,no-visualization,800,8,6,1000,253,,31.6%,,,,,,,,,,,,,,
775,no-visualization,800,8,6,1000,253,,31.6%,,,,,,,,,,,,,,
776,no-visualization,800,8,6,1000,235,,29.4%,,,,,,,,,,,,,,
777,no-visualization,800,8,6,1000,255,,31.9%,,,,,,,,,,,,,,
778,no-visualization,800,8,6,1000,247,,30.9%,,,,,,,,,,,,,,
779,no-visualization,800,8,6,1000,246,,30.8%,,,,,,,,,,,,,,
780,no-visualization,800,8,6,1000,249,,31.1%,,,,,,,,,,,,,,
781,no-visualization,800,9,6,1000,232,,29.0%,28.5%,,,,,,,,,,,,,
782,no-visualization,800,9,6,1000,228,,28.5%,,,,,,,,,,,,,,
783,no-visualization,800,9,6,1000,212,,26.5%,,,,,,,,,,,,,,
784,no-visualization,800,9,6,1000,231,,28.9%,,,,,,,,,,,,,,
785,no-visualization,800,9,6,1000,220,,27.5%,,,,,,,,,,,,,,
786,no-visualization,800,9,6,1000,229,,28.6%,,,,,,,,,,,,,,
787,no-visualization,800,9,6,1000,237,,29.6%,,,,,,,,,,,,,,
788,no-visualization,800,9,6,1000,224,,28.0%,,,,,,,,,,,,,,
789,no-visualization,800,9,6,1000,226,,28.3%,,,,,,,,,,,,,,
790,no-visualization,800,9,6,1000,243,,30.4%,,,,,,,,,,,,,,
791,no-visualization,800,10,6,1000,183,,22.9%,25.1%,,,,,,,,,,,,,
792,no-visualization,800,10,6,1000,212,,26.5%,,,,,,,,,,,,,,
793,no-visualization,800,10,6,1000,200,,25.0%,,,,,,,,,,,,,,
794,no-visualization,800,10,6,1000,204,,25.5%,,,,,,,,,,,,,,
795,no-visualization,800,10,6,1000,182,,22.8%,,,,,,,,,,,,,,
796,no-visualization,800,10,6,1000,206,,25.8%,,,,,,,,,,,,,,
797,no-visualization,800,10,6,1000,208,,26.0%,,,,,,,,,,,,,,
798,no-visualization,800,10,6,1000,206,,25.8%,,,,,,,,,,,,,,
799,no-visualization,800,10,6,1000,211,,26.4%,,,,,,,,,,,,,,
800,no-visualization,800,10,6,1000,197,,24.6%,,,,,,,,,,,,,,
801,no-visualization,900,1,6,1000,839,,93.2%,92.9%,,,,,,,,,,,,,
802,no-visualization,900,1,6,1000,833,,92.6%,,,,,,,,,,,,,,
803,no-visualization,900,1,6,1000,825,,91.7%,,,,,,,,,,,,,,
804,no-visualization,900,1,6,1000,837,,93.0%,,,,,,,,,,,,,,
805,no-visualization,900,1,6,1000,843,,93.7%,,,,,,,,,,,,,,
806,no-visualization,900,1,6,1000,846,,94.0%,,,,,,,,,,,,,,
807,no-visualization,900,1,6,1000,830,,92.2%,,,,,,,,,,,,,,
808,no-visualization,900,1,6,1000,829,,92.1%,,,,,,,,,,,,,,
809,no-visualization,900,1,6,1000,836,,92.9%,,,,,,,,,,,,,,
810,no-visualization,900,1,6,1000,846,,94.0%,,,,,,,,,,,,,,
811,no-visualization,900,2,6,1000,783,,87.0%,85.5%,,,,,,,,,,,,,
812,no-visualization,900,2,6,1000,749,,83.2%,,,,,,,,,,,,,,
813,no-visualization,900,2,6,1000,773,,85.9%,,,,,,,,,,,,,,
814,no-visualization,900,2,6,1000,775,,86.1%,,,,,,,,,,,,,,
815,no-visualization,900,2,6,1000,771,,85.7%,,,,,,,,,,,,,,
816,no-visualization,900,2,6,1000,761,,84.6%,,,,,,,,,,,,,,
817,no-visualization,900,2,6,1000,762,,84.7%,,,,,,,,,,,,,,
818,no-visualization,900,2,6,1000,781,,86.8%,,,,,,,,,,,,,,
819,no-visualization,900,2,6,1000,764,,84.9%,,,,,,,,,,,,,,
820,no-visualization,900,2,6,1000,776,,86.2%,,,,,,,,,,,,,,
821,no-visualization,900,3,6,1000,643,,71.4%,73.4%,,,,,,,,,,,,,
822,no-visualization,900,3,6,1000,654,,72.7%,,,,,,,,,,,,,,
823,no-visualization,900,3,6,1000,667,,74.1%,,,,,,,,,,,,,,
824,no-visualization,900,3,6,1000,672,,74.7%,,,,,,,,,,,,,,
825,no-visualization,900,3,6,1000,661,,73.4%,,,,,,,,,,,,,,
826,no-visualization,900,3,6,1000,682,,75.8%,,,,,,,,,,,,,,
827,no-visualization,900,3,6,1000,671,,74.6%,,,,,,,,,,,,,,
828,no-visualization,900,3,6,1000,645,,71.7%,,,,,,,,,,,,,,
829,no-visualization,900,3,6,1000,657,,73.0%,,,,,,,,,,,,,,
830,no-visualization,900,3,6,1000,658,,73.1%,,,,,,,,,,,,,,
831,no-visualization,900,4,6,1000,538,,59.8%,60.0%,,,,,,,,,,,,,
832,no-visualization,900,4,6,1000,532,,59.1%,,,,,,,,,,,,,,
833,no-visualization,900,4,6,1000,539,,59.9%,,,,,,,,,,,,,,
834,no-visualization,900,4,6,1000,547,,60.8%,,,,,,,,,,,,,,
835,no-visualization,900,4,6,1000,549,,61.0%,,,,,,,,,,,,,,
836,no-visualization,900,4,6,1000,561,,62.3%,,,,,,,,,,,,,,
837,no-visualization,900,4,6,1000,531,,59.0%,,,,,,,,,,,,,,
838,no-visualization,900,4,6,1000,553,,61.4%,,,,,,,,,,,,,,
839,no-visualization,900,4,6,1000,535,,59.4%,,,,,,,,,,,,,,
840,no-visualization,900,4,6,1000,515,,57.2%,,,,,,,,,,,,,,
841,no-visualization,900,5,6,1000,447,,49.7%,48.3%,,,,,,,,,,,,,
842,no-visualization,900,5,6,1000,447,,49.7%,,,,,,,,,,,,,,
843,no-visualization,900,5,6,1000,432,,48.0%,,,,,,,,,,,,,,
844,no-visualization,900,5,6,1000,451,,50.1%,,,,,,,,,,,,,,
845,no-visualization,900,5,6,1000,444,,49.3%,,,,,,,,,,,,,,
846,no-visualization,900,5,6,1000,418,,46.4%,,,,,,,,,,,,,,
847,no-visualization,900,5,6,1000,427,,47.4%,,,,,,,,,,,,,,
848,no-visualization,900,5,6,1000,440,,48.9%,,,,,,,,,,,,,,
849,no-visualization,900,5,6,1000,423,,47.0%,,,,,,,,,,,,,,
850,no-visualization,900,5,6,1000,415,,46.1%,,,,,,,,,,,,,,
851,no-visualization,900,6,6,1000,349,,38.8%,40.7%,,,,,,,,,,,,,
852,no-visualization,900,6,6,1000,357,,39.7%,,,,,,,,,,,,,,
853,no-visualization,900,6,6,1000,365,,40.6%,,,,,,,,,,,,,,
854,no-visualization,900,6,6,1000,376,,41.8%,,,,,,,,,,,,,,
855,no-visualization,900,6,6,1000,369,,41.0%,,,,,,,,,,,,,,
856,no-visualization,900,6,6,1000,384,,42.7%,,,,,,,,,,,,,,
857,no-visualization,900,6,6,1000,352,,39.1%,,,,,,,,,,,,,,
858,no-visualization,900,6,6,1000,376,,41.8%,,,,,,,,,,,,,,
859,no-visualization,900,6,6,1000,357,,39.7%,,,,,,,,,,,,,,
860,no-visualization,900,6,6,1000,377,,41.9%,,,,,,,,,,,,,,
861,no-visualization,900,7,6,1000,310,,34.4%,35.8%,,,,,,,,,,,,,
862,no-visualization,900,7,6,1000,316,,35.1%,,,,,,,,,,,,,,
863,no-visualization,900,7,6,1000,332,,36.9%,,,,,,,,,,,,,,
864,no-visualization,900,7,6,1000,329,,36.6%,,,,,,,,,,,,,,
865,no-visualization,900,7,6,1000,319,,35.4%,,,,,,,,,,,,,,
866,no-visualization,900,7,6,1000,317,,35.2%,,,,,,,,,,,,,,
867,no-visualization,900,7,6,1000,311,,34.6%,,,,,,,,,,,,,,
868,no-visualization,900,7,6,1000,332,,36.9%,,,,,,,,,,,,,,
869,no-visualization,900,7,6,1000,327,,36.3%,,,,,,,,,,,,,,
870,no-visualization,900,7,6,1000,332,,36.9%,,,,,,,,,,,,,,
871,no-visualization,900,8,6,1000,268,,29.8%,31.5%,,,,,,,,,,,,,
872,no-visualization,900,8,6,1000,271,,30.1%,,,,,,,,,,,,,,
873,no-visualization,900,8,6,1000,261,,29.0%,,,,,,,,,,,,,,
874,no-visualization,900,8,6,1000,275,,30.6%,,,,,,,,,,,,,,
875,no-visualization,900,8,6,1000,298,,33.1%,,,,,,,,,,,,,,
876,no-visualization,900,8,6,1000,304,,33.8%,,,,,,,,,,,,,,
877,no-visualization,900,8,6,1000,282,,31.3%,,,,,,,,,,,,,,
878,no-visualization,900,8,6,1000,307,,34.1%,,,,,,,,,,,,,,
879,no-visualization,900,8,6,1000,278,,30.9%,,,,,,,,,,,,,,
880,no-visualization,900,8,6,1000,287,,31.9%,,,,,,,,,,,,,,
881,no-visualization,900,9,6,1000,257,,28.6%,27.7%,,,,,,,,,,,,,
882,no-visualization,900,9,6,1000,246,,27.3%,,,,,,,,,,,,,,
883,no-visualization,900,9,6,1000,242,,26.9%,,,,,,,,,,,,,,
884,no-visualization,900,9,6,1000,232,,25.8%,,,,,,,,,,,,,,
885,no-visualization,900,9,6,1000,263,,29.2%,,,,,,,,,,,,,,
886,no-visualization,900,9,6,1000,247,,27.4%,,,,,,,,,,,,,,
887,no-visualization,900,9,6,1000,239,,26.6%,,,,,,,,,,,,,,
888,no-visualization,900,9,6,1000,247,,27.4%,,,,,,,,,,,,,,
889,no-visualization,900,9,6,1000,259,,28.8%,,,,,,,,,,,,,,
890,no-visualization,900,9,6,1000,260,,28.9%,,,,,,,,,,,,,,
891,no-visualization,900,10,6,1000,214,,23.8%,24.8%,,,,,,,,,,,,,
892,no-visualization,900,10,6,1000,220,,24.4%,,,,,,,,,,,,,,
893,no-visualization,900,10,6,1000,225,,25.0%,,,,,,,,,,,,,,
894,no-visualization,900,10,6,1000,235,,26.1%,,,,,,,,,,,,,,
895,no-visualization,900,10,6,1000,212,,23.6%,,,,,,,,,,,,,,
896,no-visualization,900,10,6,1000,230,,25.6%,,,,,,,,,,,,,,
897,no-visualization,900,10,6,1000,238,,26.4%,,,,,,,,,,,,,,
898,no-visualization,900,10,6,1000,207,,23.0%,,,,,,,,,,,,,,
899,no-visualization,900,10,6,1000,230,,25.6%,,,,,,,,,,,,,,
900,no-visualization,900,10,6,1000,220,,24.4%,,,,,,,,,,,,,,
901,no-visualization,1000,1,6,1000,932,,93.2%,92.9%,,,,,,,,,,,,,
902,no-visualization,1000,1,6,1000,912,,91.2%,,,,,,,,,,,,,,
903,no-visualization,1000,1,6,1000,931,,93.1%,,,,,,,,,,,,,,
904,no-visualization,1000,1,6,1000,936,,93.6%,,,,,,,,,,,,,,
905,no-visualization,1000,1,6,1000,939,,93.9%,,,,,,,,,,,,,,
906,no-visualization,1000,1,6,1000,921,,92.1%,,,,,,,,,,,,,,
907,no-visualization,1000,1,6,1000,927,,92.7%,,,,,,,,,,,,,,
908,no-visualization,1000,1,6,1000,931,,93.1%,,,,,,,,,,,,,,
909,no-visualization,1000,1,6,1000,928,,92.8%,,,,,,,,,,,,,,
910,no-visualization,1000,1,6,1000,937,,93.7%,,,,,,,,,,,,,,
911,no-visualization,1000,2,6,1000,863,,86.3%,85.7%,,,,,,,,,,,,,
912,no-visualization,1000,2,6,1000,838,,83.8%,,,,,,,,,,,,,,
913,no-visualization,1000,2,6,1000,853,,85.3%,,,,,,,,,,,,,,
914,no-visualization,1000,2,6,1000,862,,86.2%,,,,,,,,,,,,,,
915,no-visualization,1000,2,6,1000,842,,84.2%,,,,,,,,,,,,,,
916,no-visualization,1000,2,6,1000,871,,87.1%,,,,,,,,,,,,,,
917,no-visualization,1000,2,6,1000,850,,85.0%,,,,,,,,,,,,,,
918,no-visualization,1000,2,6,1000,869,,86.9%,,,,,,,,,,,,,,
919,no-visualization,1000,2,6,1000,857,,85.7%,,,,,,,,,,,,,,
920,no-visualization,1000,2,6,1000,860,,86.0%,,,,,,,,,,,,,,
921,no-visualization,1000,3,6,1000,705,,70.5%,73.2%,,,,,,,,,,,,,
922,no-visualization,1000,3,6,1000,731,,73.1%,,,,,,,,,,,,,,
923,no-visualization,1000,3,6,1000,741,,74.1%,,,,,,,,,,,,,,
924,no-visualization,1000,3,6,1000,719,,71.9%,,,,,,,,,,,,,,
925,no-visualization,1000,3,6,1000,736,,73.6%,,,,,,,,,,,,,,
926,no-visualization,1000,3,6,1000,731,,73.1%,,,,,,,,,,,,,,
927,no-visualization,1000,3,6,1000,723,,72.3%,,,,,,,,,,,,,,
928,no-visualization,1000,3,6,1000,757,,75.7%,,,,,,,,,,,,,,
929,no-visualization,1000,3,6,1000,745,,74.5%,,,,,,,,,,,,,,
930,no-visualization,1000,3,6,1000,727,,72.7%,,,,,,,,,,,,,,
931,no-visualization,1000,4,6,1000,590,,59.0%,59.0%,,,,,,,,,,,,,
932,no-visualization,1000,4,6,1000,595,,59.5%,,,,,,,,,,,,,,
933,no-visualization,1000,4,6,1000,565,,56.5%,,,,,,,,,,,,,,
934,no-visualization,1000,4,6,1000,598,,59.8%,,,,,,,,,,,,,,
935,no-visualization,1000,4,6,1000,596,,59.6%,,,,,,,,,,,,,,
936,no-visualization,1000,4,6,1000,580,,58.0%,,,,,,,,,,,,,,
937,no-visualization,1000,4,6,1000,620,,62.0%,,,,,,,,,,,,,,
938,no-visualization,1000,4,6,1000,579,,57.9%,,,,,,,,,,,,,,
939,no-visualization,1000,4,6,1000,589,,58.9%,,,,,,,,,,,,,,
940,no-visualization,1000,4,6,1000,586,,58.6%,,,,,,,,,,,,,,
941,no-visualization,1000,5,6,1000,485,,48.5%,49.3%,,,,,,,,,,,,,
942,no-visualization,1000,5,6,1000,478,,47.8%,,,,,,,,,,,,,,
943,no-visualization,1000,5,6,1000,490,,49.0%,,,,,,,,,,,,,,
944,no-visualization,1000,5,6,1000,504,,50.4%,,,,,,,,,,,,,,
945,no-visualization,1000,5,6,1000,500,,50.0%,,,,,,,,,,,,,,
946,no-visualization,1000,5,6,1000,492,,49.2%,,,,,,,,,,,,,,
947,no-visualization,1000,5,6,1000,486,,48.6%,,,,,,,,,,,,,,
948,no-visualization,1000,5,6,1000,504,,50.4%,,,,,,,,,,,,,,
949,no-visualization,1000,5,6,1000,504,,50.4%,,,,,,,,,,,,,,
950,no-visualization,1000,5,6,1000,482,,48.2%,,,,,,,,,,,,,,
951,no-visualization,1000,6,6,1000,379,,37.9%,40.8%,,,,,,,,,,,,,
952,no-visualization,1000,6,6,1000,436,,43.6%,,,,,,,,,,,,,,
953,no-visualization,1000,6,6,1000,434,,43.4%,,,,,,,,,,,,,,
954,no-visualization,1000,6,6,1000,405,,40.5%,,,,,,,,,,,,,,
955,no-visualization,1000,6,6,1000,393,,39.3%,,,,,,,,,,,,,,
956,no-visualization,1000,6,6,1000,423,,42.3%,,,,,,,,,,,,,,
957,no-visualization,1000,6,6,1000,408,,40.8%,,,,,,,,,,,,,,
958,no-visualization,1000,6,6,1000,405,,40.5%,,,,,,,,,,,,,,
959,no-visualization,1000,6,6,1000,419,,41.9%,,,,,,,,,,,,,,
960,no-visualization,1000,6,6,1000,379,,37.9%,,,,,,,,,,,,,,
961,no-visualization,1000,7,6,1000,370,,37.0%,36.1%,,,,,,,,,,,,,
962,no-visualization,1000,7,6,1000,363,,36.3%,,,,,,,,,,,,,,
963,no-visualization,1000,7,6,1000,345,,34.5%,,,,,,,,,,,,,,
964,no-visualization,1000,7,6,1000,361,,36.1%,,,,,,,,,,,,,,
965,no-visualization,1000,7,6,1000,347,,34.7%,,,,,,,,,,,,,,
966,no-visualization,1000,7,6,1000,345,,34.5%,,,,,,,,,,,,,,
967,no-visualization,1000,7,6,1000,378,,37.8%,,,,,,,,,,,,,,
968,no-visualization,1000,7,6,1000,386,,38.6%,,,,,,,,,,,,,,
969,no-visualization,1000,7,6,1000,366,,36.6%,,,,,,,,,,,,,,
970,no-visualization,1000,7,6,1000,348,,34.8%,,,,,,,,,,,,,,
971,no-visualization,1000,8,6,1000,301,,30.1%,31.4%,,,,,,,,,,,,,
972,no-visualization,1000,8,6,1000,326,,32.6%,,,,,,,,,,,,,,
973,no-visualization,1000,8,6,1000,340,,34.0%,,,,,,,,,,,,,,
974,no-visualization,1000,8,6,1000,306,,30.6%,,,,,,,,,,,,,,
975,no-visualization,1000,8,6,1000,310,,31.0%,,,,,,,,,,,,,,
976,no-visualization,1000,8,6,1000,298,,29.8%,,,,,,,,,,,,,,
977,no-visualization,1000,8,6,1000,305,,30.5%,,,,,,,,,,,,,,
978,no-visualization,1000,8,6,1000,305,,30.5%,,,,,,,,,,,,,,
979,no-visualization,1000,8,6,1000,323,,32.3%,,,,,,,,,,,,,,
980,no-visualization,1000,8,6,1000,327,,32.7%,,,,,,,,,,,,,,
981,no-visualization,1000,9,6,1000,276,,27.6%,27.9%,,,,,,,,,,,,,
982,no-visualization,1000,9,6,1000,280,,28.0%,,,,,,,,,,,,,,
983,no-visualization,1000,9,6,1000,295,,29.5%,,,,,,,,,,,,,,
984,no-visualization,1000,9,6,1000,261,,26.1%,,,,,,,,,,,,,,
985,no-visualization,1000,9,6,1000,303,,30.3%,,,,,,,,,,,,,,
986,no-visualization,1000,9,6,1000,293,,29.3%,,,,,,,,,,,,,,
987,no-visualization,1000,9,6,1000,258,,25.8%,,,,,,,,,,,,,,
988,no-visualization,1000,9,6,1000,274,,27.4%,,,,,,,,,,,,,,
989,no-visualization,1000,9,6,1000,275,,27.5%,,,,,,,,,,,,,,
990,no-visualization,1000,9,6,1000,273,,27.3%,,,,,,,,,,,,,,
991,no-visualization,1000,10,6,1000,254,,25.4%,24.9%,,,,,,,,,,,,,
992,no-visualization,1000,10,6,1000,245,,24.5%,,,,,,,,,,,,,,
993,no-visualization,1000,10,6,1000,268,,26.8%,,,,,,,,,,,,,,
994,no-visualization,1000,10,6,1000,229,,22.9%,,,,,,,,,,,,,,
995,no-visualization,1000,10,6,1000,244,,24.4%,,,,,,,,,,,,,,
996,no-visualization,1000,10,6,1000,239,,23.9%,,,,,,,,,,,,,,
997,no-visualization,1000,10,6,1000,256,,25.6%,,,,,,,,,,,,,,
998,no-visualization,1000,10,6,1000,249,,24.9%,,,,,,,,,,,,,,
999,no-visualization,1000,10,6,1000,249,,24.9%,,,,,,,,,,,,,,
1000,no-visualization,1000,10,6,1000,253,,25.3%,,,,,,,,,,,,,,