BehaviorSpace results (NetLogo 6.2.2),,,,,,,,,,,,,,,,,,,,,,,
New_Virus_patches.nlogo,,,,,,,,,,,,,,,,,,,,,,,
experiment,,,,,,,,,,,,,,,,,,,,,,,
04/12/2022 23:20:23:440 +0800,,,,,,,,,,,,,,,,,,,,,,,
min-pxcor,max-pxcor,min-pycor,max-pycor,,,,,,,,,,,,,,,,,,,,
-17,17,-17,17,,,,,,,,,,,,,,,,,,,,
[run number],duration,carriers-shape,infectiousness,number-people,,,,infected,,,,,,,,,,,,,,,
1,10,person,25,250,,,,0,0,,,,,,,,,,,,,18,
2,10,person,25,250,,,,0,,,,,,,,,,,,,,8,68
3,10,person,25,250,,,,0,,,,,,,,number-people,,,,,,18,78
4,10,person,25,250,,,,0,,,,,250,300,350,400,450,500,550,600,,28,88
5,10,person,25,250,,,,0,,,,25,0%,0%,0%,0%,0%,0%,0%,0%,,38,98
6,10,person,25,250,,,,0,,,,30,0%,0%,0%,0%,0%,0%,0%,2%,,48,108
7,10,person,25,250,,,,0,,,,35,0%,0%,0%,0%,0%,3%,4%,7%,,58,118
8,10,person,25,250,,,,0,,,infeciousness,40,0%,0%,0%,1%,6%,6%,10%,12%,,68,128
9,10,person,25,250,,,,0,,,,45,0%,0%,1%,4%,12%,9%,13%,12%,,,
10,10,person,25,250,,,,0,,,,50,0%,1%,7%,11%,14%,14%,14%,16%,,,
11,10,person,25,300,,,,0,0,,,55,0%,4%,8%,11%,14%,13%,14%,18%,,,
12,10,person,25,300,,,,0,,,,60,1%,8%,12%,12%,16%,16%,15%,16%,,,
13,10,person,25,300,,,,0,,,,,,,,,,,,,,,
14,10,person,25,300,,,,0,,,,,,,,,,,,,,,
15,10,person,25,300,,,,0,,,,,,,,,,,,,,,
16,10,person,25,300,,,,0,,,,,,,,,,,,,,,
17,10,person,25,300,,,,0,,,,,,,,,,,,,,,
18,10,person,25,300,,,,0,,,,,,,,,,,,,,,
19,10,person,25,300,,,,0,,,,,,,,,,,,,,,
20,10,person,25,300,,,,0,,,,,,,,,,,,,,,
21,10,person,25,350,,,,0,0,,,,,,,,,,,,,,
22,10,person,25,350,,,,0,,,,,,,,,,,,,,,
23,10,person,25,350,,,,0,,,,,,,,,,,,,,,
24,10,person,25,350,,,,0,,,,,,,,,,,,,,,
25,10,person,25,350,,,,0,,,,,,,,,,,,,,,
26,10,person,25,350,,,,0,,,,,,,,,,,,,,,
27,10,person,25,350,,,,0,,,,,,,,,,,,,,,
28,10,person,25,350,,,,0,,,,,,,,,,,,,,,
29,10,person,25,350,,,,0,,,,,,,,,,,,,,,
30,10,person,25,350,,,,0,,,,,,,,,,,,,,,
31,10,person,25,400,,,,0,0,,,,,,,,,,,,,,
32,10,person,25,400,,,,0,,,,,,,,,,,,,,,
33,10,person,25,400,,,,0,,,,,,,,,,,,,,,
34,10,person,25,400,,,,0,,,,,,,,,,,,,,,
35,10,person,25,400,,,,0,,,,,,,,,,,,,,,
36,10,person,25,400,,,,0,,,,,,,,,,,,,,,
37,10,person,25,400,,,,0,,,,,,,,,,,,,,,
38,10,person,25,400,,,,0,,,,,,,,,,,,,,,
39,10,person,25,400,,,,0,,,,,,,,,,,,,,,
40,10,person,25,400,,,,0,,,,,,,,,,,,,,,
41,10,person,25,450,,,,0,,,,,,,,,,,,,,,
42,10,person,25,450,,,,0,0,,,,,,,,,,,,,,
43,10,person,25,450,,,,0,,,,,,,,,,,,,,,
44,10,person,25,450,,,,0,,,,,,,,,,,,,,,
45,10,person,25,450,,,,0,,,,,,,,,,,,,,,
46,10,person,25,450,,,,0,,,,,,,,,,,,,,,
47,10,person,25,450,,,,0,,,,,,,,,,,,,,,
48,10,person,25,450,,,,0,,,,,,,,,,,,,,,
49,10,person,25,450,,,,0,,,,,,,,,,,,,,,
50,10,person,25,450,,,,0,,,,,,,,,,,,,,,
51,10,person,25,500,,,,0,,,,,,,,,,,,,,,
52,10,person,25,500,,,,0,,,,,,,,,,,,,,,
53,10,person,25,500,,,,0,,,,,,,,,,,,,,,
54,10,person,25,500,,,,0,,,,,,,,,,,,,,,
55,10,person,25,500,,,,0,,,,,,,,,,,,,,,
56,10,person,25,500,,,,0,,,,,,,,,,,,,,,
57,10,person,25,500,,,,0,,,,,,,,,,,,,,,
58,10,person,25,500,,,,0,,,,,,,,,,,,,,,
59,10,person,25,500,,,,0,,,,,,,,,,,,,,,
60,10,person,25,500,,,,0,,,,,,,,,,,,,,,
61,10,person,25,550,,,,1.331114809,0.001331115,,,,,,,,,,,,,,
62,10,person,25,550,,,,0,,,,,,,,,,,,,,,
63,10,person,25,550,,,,0,,,,,,,,,,,,,,,
64,10,person,25,550,,,,0,,,,,,,,,,,,,,,
65,10,person,25,550,,,,0,,,,,,,,,,,,,,,
66,10,person,25,550,,,,0,,,,,,,,,,,,,,,
67,10,person,25,550,,,,0,,,,,,,,,,,,,,,
68,10,person,25,550,,,,0,,,,,,,,,,,,,,,
69,10,person,25,550,,,,0,,,,,,,,,,,,,,,
70,10,person,25,550,,,,0,,,,,,,,,,,,,,,
71,10,person,25,600,,,,0,0.005054779,,,,,,,,,,,,,,
72,10,person,25,600,,,,0,,,,,,,,,,,,,,,
73,10,person,25,600,,,,0,,,,,,,,,,,,,,,
74,10,person,25,600,,,,0.161812298,,,,,,,,,,,,,,,
75,10,person,25,600,,,,0,,,,,,,,,,,,,,,
76,10,person,25,600,,,,0,,,,,,,,,,,,,,,
77,10,person,25,600,,,,4.892966361,,,,,,,,,,,,,,,
78,10,person,25,600,,,,0,,,,,,,,,,,,,,,
79,10,person,25,600,,,,0,,,,,,,,,,,,,,,
80,10,person,25,600,,,,0,,,,,,,,,,,,,,,
81,10,person,30,250,,,,0,0,,,,,,,,,,,,,,
82,10,person,30,250,,,,0,,,,,,,,,,,,,,,
83,10,person,30,250,,,,0,,,,,,,,,,,,,,,
84,10,person,30,250,,,,0,,,,,,,,,,,,,,,
85,10,person,30,250,,,,0,,,,,,,,,,,,,,,
86,10,person,30,250,,,,0,,,,,,,,,,,,,,,
87,10,person,30,250,,,,0,,,,,,,,,,,,,,,
88,10,person,30,250,,,,0,,,,,,,,,,,,,,,
89,10,person,30,250,,,,0,,,,,,,,,,,,,,,
90,10,person,30,250,,,,0,,,,,,,,,,,,,,,
91,10,person,30,300,,,,0,0,,,,,,,,,,,,,,
92,10,person,30,300,,,,0,,,,,,,,,,,,,,,
93,10,person,30,300,,,,0,,,,,,,,,,,,,,,
94,10,person,30,300,,,,0,,,,,,,,,,,,,,,
95,10,person,30,300,,,,0,,,,,,,,,,,,,,,
96,10,person,30,300,,,,0,,,,,,,,,,,,,,,
97,10,person,30,300,,,,0,,,,,,,,,,,,,,,
98,10,person,30,300,,,,0,,,,,,,,,,,,,,,
99,10,person,30,300,,,,0,,,,,,,,,,,,,,,
100,10,person,30,300,,,,0,,,,,,,,,,,,,,,
101,10,person,30,350,,,,0,0,,,,,,,,,,,,,,
102,10,person,30,350,,,,0,,,,,,,,,,,,,,,
103,10,person,30,350,,,,0,,,,,,,,,,,,,,,
104,10,person,30,350,,,,0,,,,,,,,,,,,,,,
105,10,person,30,350,,,,0,,,,,,,,,,,,,,,
106,10,person,30,350,,,,0,,,,,,,,,,,,,,,
107,10,person,30,350,,,,0,,,,,,,,,,,,,,,
108,10,person,30,350,,,,0,,,,,,,,,,,,,,,
109,10,person,30,350,,,,0,,,,,,,,,,,,,,,
110,10,person,30,350,,,,0,,,,,,,,,,,,,,,
111,10,person,30,400,,,,0,0,,,,,,,,,,,,,,
112,10,person,30,400,,,,0,,,,,,,,,,,,,,,
113,10,person,30,400,,,,0,,,,,,,,,,,,,,,
114,10,person,30,400,,,,0,,,,,,,,,,,,,,,
115,10,person,30,400,,,,0,,,,,,,,,,,,,,,
116,10,person,30,400,,,,0,,,,,,,,,,,,,,,
117,10,person,30,400,,,,0,,,,,,,,,,,,,,,
118,10,person,30,400,,,,0,,,,,,,,,,,,,,,
119,10,person,30,400,,,,0,,,,,,,,,,,,,,,
120,10,person,30,400,,,,0,,,,,,,,,,,,,,,
121,10,person,30,450,,,,0,0,,,,,,,,,,,,,,
122,10,person,30,450,,,,0,,,,,,,,,,,,,,,
123,10,person,30,450,,,,0,,,,,,,,,,,,,,,
124,10,person,30,450,,,,0,,,,,,,,,,,,,,,
125,10,person,30,450,,,,0,,,,,,,,,,,,,,,
126,10,person,30,450,,,,0,,,,,,,,,,,,,,,
127,10,person,30,450,,,,0,,,,,,,,,,,,,,,
128,10,person,30,450,,,,0,,,,,,,,,,,,,,,
129,10,person,30,450,,,,0,,,,,,,,,,,,,,,
130,10,person,30,450,,,,0,,,,,,,,,,,,,,,
131,10,person,30,500,,,,0,0.005914972,,,,,,,,,,,,,,
132,10,person,30,500,,,,0,,,,,,,,,,,,,,,
133,10,person,30,500,,,,0,,,,,,,,,,,,,,,
134,10,person,30,500,,,,5.914972274,,,,,,,,,,,,,,,
135,10,person,30,500,,,,0,,,,,,,,,,,,,,,
136,10,person,30,500,,,,0,,,,,,,,,,,,,,,
137,10,person,30,500,,,,0,,,,,,,,,,,,,,,
138,10,person,30,500,,,,0,,,,,,,,,,,,,,,
139,10,person,30,500,,,,0,,,,,,,,,,,,,,,
140,10,person,30,500,,,,0,,,,,,,,,,,,,,,
141,10,person,30,550,,,,0,0.038458003,,,,,,,,,,,,,,
142,10,person,30,550,,,,4.713804714,,,,,,,,,,,,,,,
143,10,person,30,550,,,,4.102564103,,,,,,,,,,,,,,,
144,10,person,30,550,,,,0,,,,,,,,,,,,,,,
145,10,person,30,550,,,,6.543624161,,,,,,,,,,,,,,,
146,10,person,30,550,,,,6.462585034,,,,,,,,,,,,,,,
147,10,person,30,550,,,,0,,,,,,,,,,,,,,,
148,10,person,30,550,,,,6.908462867,,,,,,,,,,,,,,,
149,10,person,30,550,,,,0,,,,,,,,,,,,,,,
150,10,person,30,550,,,,9.726962457,,,,,,,,,,,,,,,
151,10,person,30,600,,,,10.72026801,0.081327492,,,,,,,,,,,,,,
152,10,person,30,600,,,,9.500805153,,,,,,,,,,,,,,,
153,10,person,30,600,,,,10.28938907,,,,,,,,,,,,,,,
154,10,person,30,600,,,,8.077544426,,,,,,,,,,,,,,,
155,10,person,30,600,,,,10.49284579,,,,,,,,,,,,,,,
156,10,person,30,600,,,,0,,,,,,,,,,,,,,,
157,10,person,30,600,,,,11.95652174,,,,,,,,,,,,,,,
158,10,person,30,600,,,,7.704918033,,,,,,,,,,,,,,,
159,10,person,30,600,,,,5.85443038,,,,,,,,,,,,,,,
160,10,person,30,600,,,,6.730769231,,,,,,,,,,,,,,,
161,10,person,35,250,,,,0,0,,,,,,,,,,,,,,
162,10,person,35,250,,,,0,,,,,,,,,,,,,,,
163,10,person,35,250,,,,0,,,,,,,,,,,,,,,
164,10,person,35,250,,,,0,,,,,,,,,,,,,,,
165,10,person,35,250,,,,0,,,,,,,,,,,,,,,
166,10,person,35,250,,,,0,,,,,,,,,,,,,,,
167,10,person,35,250,,,,0,,,,,,,,,,,,,,,
168,10,person,35,250,,,,0,,,,,,,,,,,,,,,
169,10,person,35,250,,,,0,,,,,,,,,,,,,,,
170,10,person,35,250,,,,0,,,,,,,,,,,,,,,
171,10,person,35,300,,,,0,0,,,,,,,,,,,,,,
172,10,person,35,300,,,,0,,,,,,,,,,,,,,,
173,10,person,35,300,,,,0,,,,,,,,,,,,,,,
174,10,person,35,300,,,,0,,,,,,,,,,,,,,,
175,10,person,35,300,,,,0,,,,,,,,,,,,,,,
176,10,person,35,300,,,,0,,,,,,,,,,,,,,,
177,10,person,35,300,,,,0,,,,,,,,,,,,,,,
178,10,person,35,300,,,,0,,,,,,,,,,,,,,,
179,10,person,35,300,,,,0,,,,,,,,,,,,,,,
180,10,person,35,300,,,,0,,,,,,,,,,,,,,,
181,10,person,35,350,,,,0,0,,,,,,,,,,,,,,
182,10,person,35,350,,,,0,,,,,,,,,,,,,,,
183,10,person,35,350,,,,0,,,,,,,,,,,,,,,
184,10,person,35,350,,,,0,,,,,,,,,,,,,,,
185,10,person,35,350,,,,0,,,,,,,,,,,,,,,
186,10,person,35,350,,,,0,,,,,,,,,,,,,,,
187,10,person,35,350,,,,0,,,,,,,,,,,,,,,
188,10,person,35,350,,,,0,,,,,,,,,,,,,,,
189,10,person,35,350,,,,0,,,,,,,,,,,,,,,
190,10,person,35,350,,,,0,,,,,,,,,,,,,,,
191,10,person,35,400,,,,0,0,,,,,,,,,,,,,,
192,10,person,35,400,,,,0,,,,,,,,,,,,,,,
193,10,person,35,400,,,,0,,,,,,,,,,,,,,,
194,10,person,35,400,,,,0,,,,,,,,,,,,,,,
195,10,person,35,400,,,,0,,,,,,,,,,,,,,,
196,10,person,35,400,,,,0,,,,,,,,,,,,,,,
197,10,person,35,400,,,,0,,,,,,,,,,,,,,,
198,10,person,35,400,,,,0,,,,,,,,,,,,,,,
199,10,person,35,400,,,,0,,,,,,,,,,,,,,,
200,10,person,35,400,,,,0,,,,,,,,,,,,,,,
201,10,person,35,450,,,,0,0.007998504,,,,,,,,,,,,,,
202,10,person,35,450,,,,0,,,,,,,,,,,,,,,
203,10,person,35,450,,,,0,,,,,,,,,,,,,,,
204,10,person,35,450,,,,2.547770701,,,,,,,,,,,,,,,
205,10,person,35,450,,,,0,,,,,,,,,,,,,,,
206,10,person,35,450,,,,0,,,,,,,,,,,,,,,
207,10,person,35,450,,,,0,,,,,,,,,,,,,,,
208,10,person,35,450,,,,0,,,,,,,,,,,,,,,
209,10,person,35,450,,,,0,,,,,,,,,,,,,,,
210,10,person,35,450,,,,5.450733753,,,,,,,,,,,,,,,
211,10,person,35,500,,,,0,0.066956099,,,,,,,,,,,,,,
212,10,person,35,500,,,,8,,,,,,,,,,,,,,,
213,10,person,35,500,,,,8.015267176,,,,,,,,,,,,,,,
214,10,person,35,500,,,,4.940711462,,,,,,,,,,,,,,,
215,10,person,35,500,,,,9.746588694,,,,,,,,,,,,,,,
216,10,person,35,500,,,,2.524271845,,,,,,,,,,,,,,,
217,10,person,35,500,,,,8.450704225,,,,,,,,,,,,,,,
218,10,person,35,500,,,,5.405405405,,,,,,,,,,,,,,,
219,10,person,35,500,,,,7.751937984,,,,,,,,,,,,,,,
220,10,person,35,500,,,,12.12121212,,,,,,,,,,,,,,,
221,10,person,35,550,,,,4.838709677,0.075086452,,,,,,,,,,,,,,
222,10,person,35,550,,,,8.888888889,,,,,,,,,,,,,,,
223,10,person,35,550,,,,12.70417423,,,,,,,,,,,,,,,
224,10,person,35,550,,,,5.714285714,,,,,,,,,,,,,,,
225,10,person,35,550,,,,1.282051282,,,,,,,,,,,,,,,
226,10,person,35,550,,,,6.989247312,,,,,,,,,,,,,,,
227,10,person,35,550,,,,9.169550173,,,,,,,,,,,,,,,
228,10,person,35,550,,,,13.42756184,,,,,,,,,,,,,,,
229,10,person,35,550,,,,6.032906764,,,,,,,,,,,,,,,
230,10,person,35,550,,,,6.039076377,,,,,,,,,,,,,,,
231,10,person,35,600,,,,14.11764706,0.117823487,,,,,,,,,,,,,,
232,10,person,35,600,,,,7.432432432,,,,,,,,,,,,,,,
233,10,person,35,600,,,,15.76271186,,,,,,,,,,,,,,,
234,10,person,35,600,,,,11.12984823,,,,,,,,,,,,,,,
235,10,person,35,600,,,,13.14102564,,,,,,,,,,,,,,,
236,10,person,35,600,,,,15.44850498,,,,,,,,,,,,,,,
237,10,person,35,600,,,,9.151414309,,,,,,,,,,,,,,,
238,10,person,35,600,,,,7.868852459,,,,,,,,,,,,,,,
239,10,person,35,600,,,,16.97171381,,,,,,,,,,,,,,,
240,10,person,35,600,,,,6.79933665,,,,,,,,,,,,,,,
241,10,person,40,250,,,,0,0,,,,,,,,,,,,,,
242,10,person,40,250,,,,0,,,,,,,,,,,,,,,
243,10,person,40,250,,,,0,,,,,,,,,,,,,,,
244,10,person,40,250,,,,0,,,,,,,,,,,,,,,
245,10,person,40,250,,,,0,,,,,,,,,,,,,,,
246,10,person,40,250,,,,0,,,,,,,,,,,,,,,
247,10,person,40,250,,,,0,,,,,,,,,,,,,,,
248,10,person,40,250,,,,0,,,,,,,,,,,,,,,
249,10,person,40,250,,,,0,,,,,,,,,,,,,,,
250,10,person,40,250,,,,0,,,,,,,,,,,,,,,
251,10,person,40,300,,,,0,0,,,,,,,,,,,,,,
252,10,person,40,300,,,,0,,,,,,,,,,,,,,,
253,10,person,40,300,,,,0,,,,,,,,,,,,,,,
254,10,person,40,300,,,,0,,,,,,,,,,,,,,,
255,10,person,40,300,,,,0,,,,,,,,,,,,,,,
256,10,person,40,300,,,,0,,,,,,,,,,,,,,,
257,10,person,40,300,,,,0,,,,,,,,,,,,,,,
258,10,person,40,300,,,,0,,,,,,,,,,,,,,,
259,10,person,40,300,,,,0,,,,,,,,,,,,,,,
260,10,person,40,300,,,,0,,,,,,,,,,,,,,,
261,10,person,40,350,,,,0,0,,,,,,,,,,,,,,
262,10,person,40,350,,,,0,,,,,,,,,,,,,,,
263,10,person,40,350,,,,0,,,,,,,,,,,,,,,
264,10,person,40,350,,,,0,,,,,,,,,,,,,,,
265,10,person,40,350,,,,0,,,,,,,,,,,,,,,
266,10,person,40,350,,,,0,,,,,,,,,,,,,,,
267,10,person,40,350,,,,0,,,,,,,,,,,,,,,
268,10,person,40,350,,,,0,,,,,,,,,,,,,,,
269,10,person,40,350,,,,0,,,,,,,,,,,,,,,
270,10,person,40,350,,,,0,,,,,,,,,,,,,,,
271,10,person,40,400,,,,0,0.006682028,,,,,,,,,,,,,,
272,10,person,40,400,,,,0,,,,,,,,,,,,,,,
273,10,person,40,400,,,,6.68202765,,,,,,,,,,,,,,,
274,10,person,40,400,,,,0,,,,,,,,,,,,,,,
275,10,person,40,400,,,,0,,,,,,,,,,,,,,,
276,10,person,40,400,,,,0,,,,,,,,,,,,,,,
277,10,person,40,400,,,,0,,,,,,,,,,,,,,,
278,10,person,40,400,,,,0,,,,,,,,,,,,,,,
279,10,person,40,400,,,,0,,,,,,,,,,,,,,,
280,10,person,40,400,,,,0,,,,,,,,,,,,,,,
281,10,person,40,450,,,,0,0.038712601,,,,,,,,,,,,,,
282,10,person,40,450,,,,8.050847458,,,,,,,,,,,,,,,
283,10,person,40,450,,,,5.376344086,,,,,,,,,,,,,,,
284,10,person,40,450,,,,0,,,,,,,,,,,,,,,
285,10,person,40,450,,,,0,,,,,,,,,,,,,,,
286,10,person,40,450,,,,0,,,,,,,,,,,,,,,
287,10,person,40,450,,,,3.361344538,,,,,,,,,,,,,,,
288,10,person,40,450,,,,6.07966457,,,,,,,,,,,,,,,
289,10,person,40,450,,,,9.14893617,,,,,,,,,,,,,,,
290,10,person,40,450,,,,6.695464363,,,,,,,,,,,,,,,
291,10,person,40,500,,,,9.306930693,0.106841087,,,,,,,,,,,,,,
292,10,person,40,500,,,,5.72519084,,,,,,,,,,,,,,,
293,10,person,40,500,,,,15.93090211,,,,,,,,,,,,,,,
294,10,person,40,500,,,,14.481409,,,,,,,,,,,,,,,
295,10,person,40,500,,,,13.02681992,,,,,,,,,,,,,,,
296,10,person,40,500,,,,11.65644172,,,,,,,,,,,,,,,
297,10,person,40,500,,,,11.23809524,,,,,,,,,,,,,,,
298,10,person,40,500,,,,7.185628743,,,,,,,,,,,,,,,
299,10,person,40,500,,,,9.233791749,,,,,,,,,,,,,,,
300,10,person,40,500,,,,9.055876686,,,,,,,,,,,,,,,
301,10,person,40,550,,,,12.61101243,0.110839077,,,,,,,,,,,,,,
302,10,person,40,550,,,,9.090909091,,,,,,,,,,,,,,,
303,10,person,40,550,,,,7.452339688,,,,,,,,,,,,,,,
304,10,person,40,550,,,,3.736654804,,,,,,,,,,,,,,,
305,10,person,40,550,,,,9.856630824,,,,,,,,,,,,,,,
306,10,person,40,550,,,,13.10211946,,,,,,,,,,,,,,,
307,10,person,40,550,,,,11.74438687,,,,,,,,,,,,,,,
308,10,person,40,550,,,,14.36464088,,,,,,,,,,,,,,,
309,10,person,40,550,,,,13.09090909,,,,,,,,,,,,,,,
310,10,person,40,550,,,,15.78947368,,,,,,,,,,,,,,,
311,10,person,40,600,,,,13.96551724,0.122580907,,,,,,,,,,,,,,
312,10,person,40,600,,,,15.6996587,,,,,,,,,,,,,,,
313,10,person,40,600,,,,13.12607945,,,,,,,,,,,,,,,
314,10,person,40,600,,,,11.83533448,,,,,,,,,,,,,,,
315,10,person,40,600,,,,7.679180887,,,,,,,,,,,,,,,
316,10,person,40,600,,,,14.96598639,,,,,,,,,,,,,,,
317,10,person,40,600,,,,7.321131448,,,,,,,,,,,,,,,
318,10,person,40,600,,,,12.25490196,,,,,,,,,,,,,,,
319,10,person,40,600,,,,12.43432574,,,,,,,,,,,,,,,
320,10,person,40,600,,,,13.29879102,,,,,,,,,,,,,,,
321,10,person,45,250,,,,0,0,,,,,,,,,,,,,,
322,10,person,45,250,,,,0,,,,,,,,,,,,,,,
323,10,person,45,250,,,,0,,,,,,,,,,,,,,,
324,10,person,45,250,,,,0,,,,,,,,,,,,,,,
325,10,person,45,250,,,,0,,,,,,,,,,,,,,,
326,10,person,45,250,,,,0,,,,,,,,,,,,,,,
327,10,person,45,250,,,,0,,,,,,,,,,,,,,,
328,10,person,45,250,,,,0,,,,,,,,,,,,,,,
329,10,person,45,250,,,,0,,,,,,,,,,,,,,,
330,10,person,45,250,,,,0,,,,,,,,,,,,,,,
331,10,person,45,300,,,,0,0,,,,,,,,,,,,,,
332,10,person,45,300,,,,0,,,,,,,,,,,,,,,
333,10,person,45,300,,,,0,,,,,,,,,,,,,,,
334,10,person,45,300,,,,0,,,,,,,,,,,,,,,
335,10,person,45,300,,,,0,,,,,,,,,,,,,,,
336,10,person,45,300,,,,0,,,,,,,,,,,,,,,
337,10,person,45,300,,,,0,,,,,,,,,,,,,,,
338,10,person,45,300,,,,0,,,,,,,,,,,,,,,
339,10,person,45,300,,,,0,,,,,,,,,,,,,,,
340,10,person,45,300,,,,0,,,,,,,,,,,,,,,
341,10,person,45,350,,,,0,0,,,,,,,,,,,,,,
342,10,person,45,350,,,,0,,,,,,,,,,,,,,,
343,10,person,45,350,,,,0,,,,,,,,,,,,,,,
344,10,person,45,350,,,,0,,,,,,,,,,,,,,,
345,10,person,45,350,,,,0,,,,,,,,,,,,,,,
346,10,person,45,350,,,,0,,,,,,,,,,,,,,,
347,10,person,45,350,,,,0,,,,,,,,,,,,,,,
348,10,person,45,350,,,,0,,,,,,,,,,,,,,,
349,10,person,45,350,,,,0,,,,,,,,,,,,,,,
350,10,person,45,350,,,,0,,,,,,,,,,,,,,,
351,10,person,45,400,,,,8.837209302,0.060548689,,,,,,,,,,,,,,
352,10,person,45,400,,,,6.25,,,,,,,,,,,,,,,
353,10,person,45,400,,,,7.159353349,,,,,,,,,,,,,,,
354,10,person,45,400,,,,0,,,,,,,,,,,,,,,
355,10,person,45,400,,,,11.03286385,,,,,,,,,,,,,,,
356,10,person,45,400,,,,8.450704225,,,,,,,,,,,,,,,
357,10,person,45,400,,,,4.358353511,,,,,,,,,,,,,,,
358,10,person,45,400,,,,9.259259259,,,,,,,,,,,,,,,
359,10,person,45,400,,,,0,,,,,,,,,,,,,,,
360,10,person,45,400,,,,5.200945626,,,,,,,,,,,,,,,
361,10,person,45,450,,,,12.34567901,0.117718446,,,,,,,,,,,,,,
362,10,person,45,450,,,,9.009009009,,,,,,,,,,,,,,,
363,10,person,45,450,,,,13.01518438,,,,,,,,,,,,,,,
364,10,person,45,450,,,,12.86031042,,,,,,,,,,,,,,,
365,10,person,45,450,,,,14.18918919,,,,,,,,,,,,,,,
366,10,person,45,450,,,,8.496732026,,,,,,,,,,,,,,,
367,10,person,45,450,,,,12.77056277,,,,,,,,,,,,,,,
368,10,person,45,450,,,,11.86440678,,,,,,,,,,,,,,,
369,10,person,45,450,,,,15.04237288,,,,,,,,,,,,,,,
370,10,person,45,450,,,,8.125,,,,,,,,,,,,,,,
371,10,person,45,500,,,,10.82164329,0.139995556,,,,,,,,,,,,,,
372,10,person,45,500,,,,10.72796935,,,,,,,,,,,,,,,
373,10,person,45,500,,,,17.4,,,,,,,,,,,,,,,
374,10,person,45,500,,,,17.02544031,,,,,,,,,,,,,,,
375,10,person,45,500,,,,9.980430528,,,,,,,,,,,,,,,
376,10,person,45,500,,,,13.63636364,,,,,,,,,,,,,,,
377,10,person,45,500,,,,18.52589641,,,,,,,,,,,,,,,
378,10,person,45,500,,,,10.4743083,,,,,,,,,,,,,,,
379,10,person,45,500,,,,18.54043393,,,,,,,,,,,,,,,
380,10,person,45,500,,,,12.86307054,,,,,,,,,,,,,,,
381,10,person,45,550,,,,14.84375,0.140796004,,,,,,,,,,,,,,
382,10,person,45,550,,,,11.26213592,,,,,,,,,,,,,,,
383,10,person,45,550,,,,15.69343066,,,,,,,,,,,,,,,
384,10,person,45,550,,,,17.18464351,,,,,,,,,,,,,,,
385,10,person,45,550,,,,15.45623836,,,,,,,,,,,,,,,
386,10,person,45,550,,,,10.88560886,,,,,,,,,,,,,,,
387,10,person,45,550,,,,20.47713718,,,,,,,,,,,,,,,
388,10,person,45,550,,,,13.03538175,,,,,,,,,,,,,,,
389,10,person,45,550,,,,8.363636364,,,,,,,,,,,,,,,
390,10,person,45,550,,,,13.59404097,,,,,,,,,,,,,,,
391,10,person,45,600,,,,12.58741259,0.158887382,,,,,,,,,,,,,,
392,10,person,45,600,,,,16.5820643,,,,,,,,,,,,,,,
393,10,person,45,600,,,,19.61471103,,,,,,,,,,,,,,,
394,10,person,45,600,,,,16.69535284,,,,,,,,,,,,,,,
395,10,person,45,600,,,,15.87561375,,,,,,,,,,,,,,,
396,10,person,45,600,,,,17.45200698,,,,,,,,,,,,,,,
397,10,person,45,600,,,,9.123434705,,,,,,,,,,,,,,,
398,10,person,45,600,,,,14.16083916,,,,,,,,,,,,,,,
399,10,person,45,600,,,,16.51865009,,,,,,,,,,,,,,,
400,10,person,45,600,,,,20.27729636,,,,,,,,,,,,,,,
401,10,person,50,250,,,,0,0,,,,,,,,,,,,,,
402,10,person,50,250,,,,0,,,,,,,,,,,,,,,
403,10,person,50,250,,,,0,,,,,,,,,,,,,,,
404,10,person,50,250,,,,0,,,,,,,,,,,,,,,
405,10,person,50,250,,,,0,,,,,,,,,,,,,,,
406,10,person,50,250,,,,0,,,,,,,,,,,,,,,
407,10,person,50,250,,,,0,,,,,,,,,,,,,,,
408,10,person,50,250,,,,0,,,,,,,,,,,,,,,
409,10,person,50,250,,,,0,,,,,,,,,,,,,,,
410,10,person,50,250,,,,0,,,,,,,,,,,,,,,
411,10,person,50,300,,,,0,0,,,,,,,,,,,,,,
412,10,person,50,300,,,,0,,,,,,,,,,,,,,,
413,10,person,50,300,,,,0,,,,,,,,,,,,,,,
414,10,person,50,300,,,,0,,,,,,,,,,,,,,,
415,10,person,50,300,,,,0,,,,,,,,,,,,,,,
416,10,person,50,300,,,,0,,,,,,,,,,,,,,,
417,10,person,50,300,,,,0,,,,,,,,,,,,,,,
418,10,person,50,300,,,,0,,,,,,,,,,,,,,,
419,10,person,50,300,,,,0,,,,,,,,,,,,,,,
420,10,person,50,300,,,,0,,,,,,,,,,,,,,,
421,10,person,50,350,,,,0,0.026707655,,,,,,,,,,,,,,
422,10,person,50,350,,,,19.39058172,,,,,,,,,,,,,,,
423,10,person,50,350,,,,0,,,,,,,,,,,,,,,
424,10,person,50,350,,,,0,,,,,,,,,,,,,,,
425,10,person,50,350,,,,0,,,,,,,,,,,,,,,
426,10,person,50,350,,,,0,,,,,,,,,,,,,,,
427,10,person,50,350,,,,0,,,,,,,,,,,,,,,
428,10,person,50,350,,,,7.317073171,,,,,,,,,,,,,,,
429,10,person,50,350,,,,0,,,,,,,,,,,,,,,
430,10,person,50,350,,,,0,,,,,,,,,,,,,,,
431,10,person,50,400,,,,4.368932039,0.064433753,,,,,,,,,,,,,,
432,10,person,50,400,,,,0,,,,,,,,,,,,,,,
433,10,person,50,400,,,,0,,,,,,,,,,,,,,,
434,10,person,50,400,,,,7.334963325,,,,,,,,,,,,,,,
435,10,person,50,400,,,,12.14285714,,,,,,,,,,,,,,,
436,10,person,50,400,,,,15.27093596,,,,,,,,,,,,,,,
437,10,person,50,400,,,,8.457711443,,,,,,,,,,,,,,,
438,10,person,50,400,,,,12.5,,,,,,,,,,,,,,,
439,10,person,50,400,,,,4.358353511,,,,,,,,,,,,,,,
440,10,person,50,400,,,,0,,,,,,,,,,,,,,,
441,10,person,50,450,,,,10.26252983,0.093829491,,,,,,,,,,,,,,
442,10,person,50,450,,,,7.459207459,,,,,,,,,,,,,,,
443,10,person,50,450,,,,11.67400881,,,,,,,,,,,,,,,
444,10,person,50,450,,,,7.947019868,,,,,,,,,,,,,,,
445,10,person,50,450,,,,10.02277904,,,,,,,,,,,,,,,
446,10,person,50,450,,,,10.86956522,,,,,,,,,,,,,,,
447,10,person,50,450,,,,8.181818182,,,,,,,,,,,,,,,
448,10,person,50,450,,,,8.695652174,,,,,,,,,,,,,,,
449,10,person,50,450,,,,7.256235828,,,,,,,,,,,,,,,
450,10,person,50,450,,,,11.46067416,,,,,,,,,,,,,,,
451,10,person,50,500,,,,16.796875,0.139683188,,,,,,,,,,,,,,
452,10,person,50,500,,,,13.8671875,,,,,,,,,,,,,,,
453,10,person,50,500,,,,18.48906561,,,,,,,,,,,,,,,
454,10,person,50,500,,,,10.93117409,,,,,,,,,,,,,,,
455,10,person,50,500,,,,19.0376569,,,,,,,,,,,,,,,
456,10,person,50,500,,,,13.38742394,,,,,,,,,,,,,,,
457,10,person,50,500,,,,14.69979296,,,,,,,,,,,,,,,
458,10,person,50,500,,,,11.63793103,,,,,,,,,,,,,,,
459,10,person,50,500,,,,6.639839034,,,,,,,,,,,,,,,
460,10,person,50,500,,,,14.19624217,,,,,,,,,,,,,,,
461,10,person,50,550,,,,17.82363977,0.130027011,,,,,,,,,,,,,,
462,10,person,50,550,,,,17.70244821,,,,,,,,,,,,,,,
463,10,person,50,550,,,,16.4556962,,,,,,,,,,,,,,,
464,10,person,50,550,,,,13.4935305,,,,,,,,,,,,,,,
465,10,person,50,550,,,,9.459459459,,,,,,,,,,,,,,,
466,10,person,50,550,,,,14.39252336,,,,,,,,,,,,,,,
467,10,person,50,550,,,,4.238921002,,,,,,,,,,,,,,,
468,10,person,50,550,,,,14.39252336,,,,,,,,,,,,,,,
469,10,person,50,550,,,,10.97804391,,,,,,,,,,,,,,,
470,10,person,50,550,,,,11.09022556,,,,,,,,,,,,,,,
471,10,person,50,600,,,,21.28801431,0.163334128,,,,,,,,,,,,,,
472,10,person,50,600,,,,7.011070111,,,,,,,,,,,,,,,
473,10,person,50,600,,,,17.06484642,,,,,,,,,,,,,,,
474,10,person,50,600,,,,28.67256637,,,,,,,,,,,,,,,
475,10,person,50,600,,,,14.68401487,,,,,,,,,,,,,,,
476,10,person,50,600,,,,16.15120275,,,,,,,,,,,,,,,
477,10,person,50,600,,,,17.57246377,,,,,,,,,,,,,,,
478,10,person,50,600,,,,18.18181818,,,,,,,,,,,,,,,
479,10,person,50,600,,,,7.181328546,,,,,,,,,,,,,,,
480,10,person,50,600,,,,15.52680222,,,,,,,,,,,,,,,
481,10,person,55,250,,,,0,0,,,,,,,,,,,,,,
482,10,person,55,250,,,,0,,,,,,,,,,,,,,,
483,10,person,55,250,,,,0,,,,,,,,,,,,,,,
484,10,person,55,250,,,,0,,,,,,,,,,,,,,,
485,10,person,55,250,,,,0,,,,,,,,,,,,,,,
486,10,person,55,250,,,,0,,,,,,,,,,,,,,,
487,10,person,55,250,,,,0,,,,,,,,,,,,,,,
488,10,person,55,250,,,,0,,,,,,,,,,,,,,,
489,10,person,55,250,,,,0,,,,,,,,,,,,,,,
490,10,person,55,250,,,,0,,,,,,,,,,,,,,,
491,10,person,55,300,,,,0,0.00377907,,,,,,,,,,,,,,
492,10,person,55,300,,,,0,,,,,,,,,,,,,,,
493,10,person,55,300,,,,0,,,,,,,,,,,,,,,
494,10,person,55,300,,,,3.779069767,,,,,,,,,,,,,,,
495,10,person,55,300,,,,0,,,,,,,,,,,,,,,
496,10,person,55,300,,,,0,,,,,,,,,,,,,,,
497,10,person,55,300,,,,0,,,,,,,,,,,,,,,
498,10,person,55,300,,,,0,,,,,,,,,,,,,,,
499,10,person,55,300,,,,0,,,,,,,,,,,,,,,
500,10,person,55,300,,,,0,,,,,,,,,,,,,,,
501,10,person,55,350,,,,9.210526316,0.041100961,,,,,,,,,,,,,,
502,10,person,55,350,,,,10.71428571,,,,,,,,,,,,,,,
503,10,person,55,350,,,,0,,,,,,,,,,,,,,,
504,10,person,55,350,,,,0,,,,,,,,,,,,,,,
505,10,person,55,350,,,,0,,,,,,,,,,,,,,,
506,10,person,55,350,,,,4.213483146,,,,,,,,,,,,,,,
507,10,person,55,350,,,,6.060606061,,,,,,,,,,,,,,,
508,10,person,55,350,,,,7.803468208,,,,,,,,,,,,,,,
509,10,person,55,350,,,,0,,,,,,,,,,,,,,,
510,10,person,55,350,,,,3.098591549,,,,,,,,,,,,,,,
511,10,person,55,400,,,,6.117021277,0.099766149,,,,,,,,,,,,,,
512,10,person,55,400,,,,16.62468514,,,,,,,,,,,,,,,
513,10,person,55,400,,,,13.33333333,,,,,,,,,,,,,,,
514,10,person,55,400,,,,6.024096386,,,,,,,,,,,,,,,
515,10,person,55,400,,,,17.3594132,,,,,,,,,,,,,,,
516,10,person,55,400,,,,3.96039604,,,,,,,,,,,,,,,
517,10,person,55,400,,,,11.08490566,,,,,,,,,,,,,,,
518,10,person,55,400,,,,0,,,,,,,,,,,,,,,
519,10,person,55,400,,,,6.203473945,,,,,,,,,,,,,,,
520,10,person,55,400,,,,19.05882353,,,,,,,,,,,,,,,
521,10,person,55,450,,,,7.333333333,0.125760825,,,,,,,,,,,,,,
522,10,person,55,450,,,,14.3187067,,,,,,,,,,,,,,,
523,10,person,55,450,,,,13.16397229,,,,,,,,,,,,,,,
524,10,person,55,450,,,,9.132420091,,,,,,,,,,,,,,,
525,10,person,55,450,,,,19.95464853,,,,,,,,,,,,,,,
526,10,person,55,450,,,,11.98257081,,,,,,,,,,,,,,,
527,10,person,55,450,,,,6.92124105,,,,,,,,,,,,,,,
528,10,person,55,450,,,,9.216589862,,,,,,,,,,,,,,,
529,10,person,55,450,,,,21.6091954,,,,,,,,,,,,,,,
530,10,person,55,450,,,,12.12814645,,,,,,,,,,,,,,,
531,10,person,55,500,,,,12.55230126,0.13865083,,,,,,,,,,,,,,
532,10,person,55,500,,,,18.16367265,,,,,,,,,,,,,,,
533,10,person,55,500,,,,13.3037694,,,,,,,,,,,,,,,
534,10,person,55,500,,,,14.03846154,,,,,,,,,,,,,,,
535,10,person,55,500,,,,9.626719057,,,,,,,,,,,,,,,
536,10,person,55,500,,,,13.99176955,,,,,,,,,,,,,,,
537,10,person,55,500,,,,11.42857143,,,,,,,,,,,,,,,
538,10,person,55,500,,,,16.10169492,,,,,,,,,,,,,,,
539,10,person,55,500,,,,16.73553719,,,,,,,,,,,,,,,
540,10,person,55,500,,,,12.70833333,,,,,,,,,,,,,,,
541,10,person,55,550,,,,16.8190128,0.14432646,,,,,,,,,,,,,,
542,10,person,55,550,,,,14.03508772,,,,,,,,,,,,,,,
543,10,person,55,550,,,,14.09001957,,,,,,,,,,,,,,,
544,10,person,55,550,,,,14.14728682,,,,,,,,,,,,,,,
545,10,person,55,550,,,,18.37837838,,,,,,,,,,,,,,,
546,10,person,55,550,,,,12.6459144,,,,,,,,,,,,,,,
547,10,person,55,550,,,,16.14100186,,,,,,,,,,,,,,,
548,10,person,55,550,,,,14.0655106,,,,,,,,,,,,,,,
549,10,person,55,550,,,,13.13868613,,,,,,,,,,,,,,,
550,10,person,55,550,,,,10.86556169,,,,,,,,,,,,,,,
551,10,person,55,600,,,,12.59398496,0.15103967,,,,,,,,,,,,,,
552,10,person,55,600,,,,30.47445255,,,,,,,,,,,,,,,
553,10,person,55,600,,,,3.664921466,,,,,,,,,,,,,,,
554,10,person,55,600,,,,6.108202443,,,,,,,,,,,,,,,
555,10,person,55,600,,,,21.6730038,,,,,,,,,,,,,,,
556,10,person,55,600,,,,13.0198915,,,,,,,,,,,,,,,
557,10,person,55,600,,,,13.51351351,,,,,,,,,,,,,,,
558,10,person,55,600,,,,23.97868561,,,,,,,,,,,,,,,
559,10,person,55,600,,,,11.8491921,,,,,,,,,,,,,,,
560,10,person,55,600,,,,14.16382253,,,,,,,,,,,,,,,
561,10,person,60,250,,,,0,0,,,,,,,,,,,,,,
562,10,person,60,250,,,,0,,,,,,,,,,,,,,,
563,10,person,60,250,,,,0,,,,,,,,,,,,,,,
564,10,person,60,250,,,,0,,,,,,,,,,,,,,,
565,10,person,60,250,,,,0,,,,,,,,,,,,,,,
566,10,person,60,250,,,,0,,,,,,,,,,,,,,,
567,10,person,60,250,,,,0,,,,,,,,,,,,,,,
568,10,person,60,250,,,,0,,,,,,,,,,,,,,,
569,10,person,60,250,,,,0,,,,,,,,,,,,,,,
570,10,person,60,250,,,,0,,,,,,,,,,,,,,,
571,10,person,60,300,,,,0,0.015516588,,,,,,,,,,,,,,
572,10,person,60,300,,,,0,,,,,,,,,,,,,,,
573,10,person,60,300,,,,0,,,,,,,,,,,,,,,
574,10,person,60,300,,,,0,,,,,,,,,,,,,,,
575,10,person,60,300,,,,0,,,,,,,,,,,,,,,
576,10,person,60,300,,,,14.9068323,,,,,,,,,,,,,,,
577,10,person,60,300,,,,0.609756098,,,,,,,,,,,,,,,
578,10,person,60,300,,,,0,,,,,,,,,,,,,,,
579,10,person,60,300,,,,0,,,,,,,,,,,,,,,
580,10,person,60,300,,,,0,,,,,,,,,,,,,,,
581,10,person,60,350,,,,8.539944904,0.073802016,,,,,,,,,,,,,,
582,10,person,60,350,,,,16.31578947,,,,,,,,,,,,,,,
583,10,person,60,350,,,,0,,,,,,,,,,,,,,,
584,10,person,60,350,,,,2.034883721,,,,,,,,,,,,,,,
585,10,person,60,350,,,,0,,,,,,,,,,,,,,,
586,10,person,60,350,,,,10.22099448,,,,,,,,,,,,,,,
587,10,person,60,350,,,,14.49275362,,,,,,,,,,,,,,,
588,10,person,60,350,,,,10.24096386,,,,,,,,,,,,,,,
589,10,person,60,350,,,,2.816901408,,,,,,,,,,,,,,,
590,10,person,60,350,,,,9.139784946,,,,,,,,,,,,,,,
591,10,person,60,400,,,,17.84841076,0.122335742,,,,,,,,,,,,,,
592,10,person,60,400,,,,14.51187335,,,,,,,,,,,,,,,
593,10,person,60,400,,,,14.87804878,,,,,,,,,,,,,,,
594,10,person,60,400,,,,3.950617284,,,,,,,,,,,,,,,
595,10,person,60,400,,,,8.168316832,,,,,,,,,,,,,,,
596,10,person,60,400,,,,20.05208333,,,,,,,,,,,,,,,
597,10,person,60,400,,,,10.45918367,,,,,,,,,,,,,,,
598,10,person,60,400,,,,14.28571429,,,,,,,,,,,,,,,
599,10,person,60,400,,,,11.13924051,,,,,,,,,,,,,,,
600,10,person,60,400,,,,7.042253521,,,,,,,,,,,,,,,
601,10,person,60,450,,,,17.31207289,0.11677325,,,,,,,,,,,,,,
602,10,person,60,450,,,,16.62870159,,,,,,,,,,,,,,,
603,10,person,60,450,,,,8.436724566,,,,,,,,,,,,,,,
604,10,person,60,450,,,,13.55140187,,,,,,,,,,,,,,,
605,10,person,60,450,,,,8.616780045,,,,,,,,,,,,,,,
606,10,person,60,450,,,,13.92694064,,,,,,,,,,,,,,,
607,10,person,60,450,,,,11.29411765,,,,,,,,,,,,,,,
608,10,person,60,450,,,,7.912087912,,,,,,,,,,,,,,,
609,10,person,60,450,,,,8.314606742,,,,,,,,,,,,,,,
610,10,person,60,450,,,,10.77981651,,,,,,,,,,,,,,,
611,10,person,60,500,,,,26.99784017,0.164748141,,,,,,,,,,,,,,
612,10,person,60,500,,,,17.64705882,,,,,,,,,,,,,,,
613,10,person,60,500,,,,19.375,,,,,,,,,,,,,,,
614,10,person,60,500,,,,10.69042316,,,,,,,,,,,,,,,
615,10,person,60,500,,,,21.75648703,,,,,,,,,,,,,,,
616,10,person,60,500,,,,12.36897275,,,,,,,,,,,,,,,
617,10,person,60,500,,,,15.13859275,,,,,,,,,,,,,,,
618,10,person,60,500,,,,12.98174442,,,,,,,,,,,,,,,
619,10,person,60,500,,,,17.8343949,,,,,,,,,,,,,,,
620,10,person,60,500,,,,9.957627119,,,,,,,,,,,,,,,
621,10,person,60,550,,,,17.21311475,0.183914623,,,,,,,,,,,,,,
622,10,person,60,550,,,,7.182320442,,,,,,,,,,,,,,,
623,10,person,60,550,,,,11.64122137,,,,,,,,,,,,,,,
624,10,person,60,550,,,,12.14421252,,,,,,,,,,,,,,,
625,10,person,60,550,,,,19.12045889,,,,,,,,,,,,,,,
626,10,person,60,550,,,,29.10447761,,,,,,,,,,,,,,,
627,10,person,60,550,,,,17.23484848,,,,,,,,,,,,,,,
628,10,person,60,550,,,,23.77495463,,,,,,,,,,,,,,,
629,10,person,60,550,,,,32.69230769,,,,,,,,,,,,,,,
630,10,person,60,550,,,,13.80670611,,,,,,,,,,,,,,,
631,10,person,60,600,,,,20.42628774,0.159478775,,,,,,,,,,,,,,
632,10,person,60,600,,,,27.89473684,,,,,,,,,,,,,,,
633,10,person,60,600,,,,12.43243243,,,,,,,,,,,,,,,
634,10,person,60,600,,,,16.12318841,,,,,,,,,,,,,,,
635,10,person,60,600,,,,21.54882155,,,,,,,,,,,,,,,
636,10,person,60,600,,,,10.40892193,,,,,,,,,,,,,,,
637,10,person,60,600,,,,7.25388601,,,,,,,,,,,,,,,
638,10,person,60,600,,,,16.15969582,,,,,,,,,,,,,,,
639,10,person,60,600,,,,9.386281588,,,,,,,,,,,,,,,
640,10,person,60,600,,,,17.84452297,,,,,,,,,,,,,,,